id,author_id,created_at,retweet_count,like_count,location,author_follower_count,text,topic,sentiment
1460397055537414149,30631045,Mon Nov 15 23:59:25 +0000 2021,0,0,"Edmonton, Alberta",386,@WestJet do I need a negative Covid test to fly into Mexico? I am leaving to Cancun Saturday with you.,T,neutral
1460396710467813378,2789883437,Mon Nov 15 23:58:03 +0000 2021,2,8,"Fort McMurray, Alberta",56,@GarethCambridge @MichealLehane Wearing a mask for Covid is like using a chain link fence to stop mosquitoes.,A,negative
1460395818398142464,272002337,Mon Nov 15 23:54:30 +0000 2021,0,0,Edmonton,9441,Here's the link to get your #QRCode through @AHS_media As of today it becomes the only form of vaccine proof accepted in #Alberta. -Shirley McQueen,V,neutral
1460395230792851457,1426605757160517642,Mon Nov 15 23:52:10 +0000 2021,1,7,Calgary,966,Amazing news from Calgary‚Äôs Northeast communities! Thank you to @YYCNewcomers and @RefugeeHealth for all your important work. It's inspiring to see what is possible when we remove barriers and increase accessibility.,A,positive
1460395148769042432,1063654709423001600,Mon Nov 15 23:51:50 +0000 2021,0,0,Calgary Alberta,41,@NorthPhoenix3 @CMOH_Alberta You know that covid has cost trillions to governments.  You think they are getting kickbacks for ?  Billions ?   That‚Äôs how much they are making off the vaccines.,P,neutral
1460394961510154241,2192897330,Mon Nov 15 23:51:06 +0000 2021,0,0,Stettler,376,"Alberta identifies 1,068 new COVID-19 cases over weekend",C,neutral
1460394401717370883,63217258,Mon Nov 15 23:48:52 +0000 2021,0,3,"Calgary, Ab., Canada",6198,"I WANT TO KNOW...If a precedent is being set where docs are losing their licenses &amp; others face unannounced inspections for misinformation (like denying #COVIDisAirborne) will we see a time, when the axe will fall on ID/PH officials &amp; Gov't talking heads?",A,neutral
1460394274604785666,2897551665,Mon Nov 15 23:48:22 +0000 2021,5,5,"Calgary, AB",1006,Quietly released today. Speaks to the destruction of @CalgaryPolice and absolute lack of leadership. #Calgary is in shambles. Violent crime out of control. No cops and many leaving. Blaming COVID amongst other things. Our organization is in crisis. #yyccc,P,negative
1460393918411902976,2898732470,Mon Nov 15 23:46:57 +0000 2021,0,2,"Calgary, Alberta",415,"@KatieM12121 My government has already brought in restrictions for unvaxxed Sept 2021. You need a QR code as a proof of vaccination to access gyms, bars/clubs/restaurants, theatres, museums, sports etc even public buildings.  I am fully committed to not ‚Äúgiving in‚Äù.",V,negative
1460393593680449541,966402865169285120,Mon Nov 15 23:45:40 +0000 2021,3,8,"Calgary, Alberta",638,"Great opportunity to manage an excellent team of researchers, trainees &amp; staff. Help us generate and implement the most impactful science so that we are better prepared to prevent and manage future public health emergencies like the COVID-19 pandemic. Reach out for more info.",U,neutral
1460393566430285826,263975185,Mon Nov 15 23:45:33 +0000 2021,0,0,"Saskatoon, SK",455,@JVR926 Yep - virtually every person I know including all my family. No side effects and none that I know have caught Covid after vaccination.,V,positive
1460392947761889281,250310081,Mon Nov 15 23:43:06 +0000 2021,0,0,Calgary,21,@lovelylucybelle @Cyberace1985 @realCruzThomas @patriottakes I trust the science that goes into vaccine development more than I trust the populist luddite campaigns - whether well-funded or grassroots - that seek to undermine public faith in health science through sowing misinformation and encouraging doubt and distrust.   In a pandemic.,V,positive
1460392521142620161,796457850629279744,Mon Nov 15 23:41:24 +0000 2021,0,0,"Saskatoon, Saskatchewan",2221,@LeaderMcConnell Get real Mitch if Trump and you would have dealt with COVID properly  some of this would have happened then. Time to retire.,P,neutral
1460392464007659528,1236477440,Mon Nov 15 23:41:10 +0000 2021,0,1,"Edmonton, Alberta",200,"Minority groups, including Indigenous people, are less likely to choose to be vaccinated. Vaccine passports disproportionately affect minority groups and exclude them from public spaces. #ableg #cdnpoli",V,negative
1460392351600312320,415170246,Mon Nov 15 23:40:44 +0000 2021,9,50,"Edmonton, Alberta",5153,"Our government needs to mandate indoor air quality standards, and provide financial supports for implementing them, now that the airborne nature of covid has finally been acknowledged. They cannot offload the decisions, logistics, and costs onto businesses.  #COVIDisAirborne",S,positive
1460392174151880704,1026882835,Mon Nov 15 23:40:01 +0000 2021,0,1,"Calgary, Alberta",116,@Humanlty1o1 Well I was one of the 98% and i did survive covid.,A,neutral
1460392089116631045,1444074786049699844,Mon Nov 15 23:39:41 +0000 2021,0,1,Communist Canada,89,@NotaliaMateo For Pfizer at least or so I‚Äôm told Cheers,A,neutral
1460391951052779524,18999809,Mon Nov 15 23:39:08 +0000 2021,5,9,"Calgary, Alberta",199572,"Alberta reports 1,068 new cases of COVID-19 over 3 days, 17 more deaths",C,neutral
1460391760337715212,1446683853251223552,Mon Nov 15 23:38:23 +0000 2021,0,1,"Edmonton, Alberta",23,@JamesJJRyan @GasPriceWizard All O&amp; G companies getting the message keep it in the ground. Now see the consequences.  Fossil fuel investments are treated like dark web guns and drugs pariahs.  Well supply now getting squeezed as demand returns to pre covid. Not to worry Saudis and Russia will helpü§£ü§£ü§£.NOT!,U,neutral
1460391757103845376,1178707401307934720,Mon Nov 15 23:38:22 +0000 2021,0,1,Calgary AB,24,@loublanco1976 @traintwt @IGN Considering Marvel hasn't recast the character since Iron Man 2 I doubt they're going to recast her here. There are ten other Marvel projects coming out this one can be delayed a few months longer for America to get covid under control like the rest of us have,T,neutral
1460391696722587653,369686542,Mon Nov 15 23:38:07 +0000 2021,0,1,Regina,93,I just signed on with the @albertandp to call for a public inquiry into Kenney‚Äôs COVID-19 response. Will you join me? #ableg #abpoli,U,neutral
1460391627390922754,293762731,Mon Nov 15 23:37:51 +0000 2021,0,0,"Lethbridge, AB",18385,Alberta announces 17 more COVID-19 deaths but number of patients in hospital with the disease drops  #coronavirus,C,neutral
1460391582486593541,822548812904460291,Mon Nov 15 23:37:40 +0000 2021,3,0,"Medicine Hat, Alberta",3243,Active COVID-19 cases up in Medicine Hat and province #medhat #COVID19AB,C,neutral
1460391428979367938,274669759,Mon Nov 15 23:37:04 +0000 2021,0,0,"Sundre, Alberta",279,"Updates for areas including Sundre, Olds, Didsbury, Carstairs, Innisfail, Mountain View County, parts of Red Deer County",C,neutral
1460391427733536769,1236477440,Mon Nov 15 23:37:03 +0000 2021,0,0,"Edmonton, Alberta",200,@jkenney Can we use it to fight back against discriminatory &amp; racist vaccine passports?,U,neutral
1460391395596771329,1178707401307934720,Mon Nov 15 23:36:56 +0000 2021,0,0,Calgary AB,24,@loublanco1976 @traintwt @IGN No media sites are being dumb asses and asking the same questions over and over because they're dumbasses it has nothing to do with her. Of course they're going to delay reproduction if she's not willing to come to America to continue filming yet it's one of the worst covid sites,U,neutral
1460391094311546889,4780245109,Mon Nov 15 23:35:44 +0000 2021,0,0,"Lethbridge, Alberta",6279,Average of 365 daily COVID cases recorded in Alberta this weekend. #YQL #LNN #COVID19 #Alberta #Lethbridge,C,neutral
1460390858147221508,16166625,Mon Nov 15 23:34:47 +0000 2021,0,1,"Edmonton, AB",775,"I‚Äôve listened to Ignorance more than anything else this year, and have been cautiously looking forward to tomorrow‚Äôs show, never letting my hopes get too high with all the COVID concerns. It would be a sad irony if the climate crisis is what stopped it. I hope everyone is safe!",T,neutral
1460390482647732224,2642927933,Mon Nov 15 23:33:18 +0000 2021,0,2,"Calgary, Alberta",144,"@CandiceBergenMP @PierrePoilievre Lol riiiiight.   Canadians are still waiting for the Harper trickle down promised so long ago- Currently every province run by Conservatives is HUGE in the red, blaming Ottawa for all their own failures, lowest in  approval ratings and COVID response- #NeverVoteConservative",P,negative
1460390453904244737,26741117,Mon Nov 15 23:33:11 +0000 2021,0,0,"Calgary, Alberta",65,@JoeJoewurz @mikesbloggity @KaraUtri @jkenney So the rate of people dying by covid infection is more than double the overestimated rate of those dying by drug overdose because of covid. Both are problems. And both have solutions. Why don‚Äôt we fix them both?,A,neutral
1460390429245853699,26741117,Mon Nov 15 23:33:05 +0000 2021,0,0,"Calgary, Alberta",65,@JoeJoewurz @mikesbloggity @KaraUtri @jkenney But let‚Äôs talk numbers. 2020 saw 1316 drug related deaths. In 2018 there were 806. So attributing 100% of excess deaths in 2020 to suicide by overdose due to covid restrictions (which is obviously an over estimate) we have 510 deaths. Covid took 1046 deaths in 2020.,C,neutral
1460390040337625091,964518873059024896,Mon Nov 15 23:31:33 +0000 2021,0,1,Devon,6,"@amandamull Just read your hair loss article, thanks for writing about this. Two things to add: 1) sudden hair loss is a nightmare for trans feminine people - gets read as MPB which is really distressing 2) I got covid in March 2020 but my hair loss came from the vaccines this spring",U,neutral
1460389968916860935,1479785209,Mon Nov 15 23:31:15 +0000 2021,0,8,"Calgary, Alberta",1365,Calgary Upper NE showing us how it‚Äôs done. They have the highest vaccination rate and the lowest case rate in the city. #Covid19YYC,V,positive
1460389739090038784,24735707,Mon Nov 15 23:30:21 +0000 2021,0,0,"Edmonton, Alberta",30344,"Alberta COVID hospitalizations drop, 17 deaths identified through weekend",C,neutral
1460389717006905344,1276574303585054720,Mon Nov 15 23:30:15 +0000 2021,0,10,"Calgary, Alberta",485,@RacineRocky Vaccines prevent you from dying of covid. Not getting it.,V,neutral
1460389576439128073,174473050,Mon Nov 15 23:29:42 +0000 2021,5,12,"Edmonton, Alberta",20093,Here are the 17 COVID-related deaths being reported in Alberta today.   #yeg #yyc #ableg #Covid19ab,C,neutral
1460389471233339392,250310081,Mon Nov 15 23:29:17 +0000 2021,0,0,Calgary,21,"@Cyberace1985 @lovelylucybelle @realCruzThomas @patriottakes /2  This a perspective issue.   Any risk from a Covid vax is relatively small compared to the risk of Covid if you‚Äôre not vaxxed. And, since autoimmune disease was mentioned, people who are immune compromised for whatever reason are most at risk for Covid. They need the jab.",C,neutral
1460388627821727749,1325819678044741634,Mon Nov 15 23:25:56 +0000 2021,1,1,Calgary,416,Nature's best covid isolation strategy for keeping BC more protected from #Ableg. @allan_crawshaw @magnitudefilm @carolyndunncbc,U,neutral
1460388415225024514,171603438,Mon Nov 15 23:25:05 +0000 2021,0,1,"Lethbridge, AB",2433,"Lethbridge COVID stats for Nov. 12, 13, 14 (combined and released today): 32 new cases out of 102 in South Zone; one death (city's 62nd); 31 recoveries; active cases remain unchanged at 157 #YQL",C,neutral
1460387951800582146,250310081,Mon Nov 15 23:23:15 +0000 2021,0,0,Calgary,21,"@Cyberace1985 @lovelylucybelle @realCruzThomas @patriottakes 1/ The difference is that we take all those other vaccines for granted. There are really very few people in North America who have never, ever been vaccinated. And all of those other vaccines probably weren‚Äôt any safer than Covid vaccines. But everyone‚Äôs paying attention, now.",V,neutral
1460387601987350535,14803951,Mon Nov 15 23:21:51 +0000 2021,0,2,"Calgary, Alberta",200830,"COVID-19 Update: 1,068 new cases, 17 deaths over three days | QR codes now required as vaccine proof  #yyc #COVID19AB",C,neutral
1460387177653624834,250310081,Mon Nov 15 23:20:10 +0000 2021,0,0,Calgary,21,"@Cyberace1985 @lovelylucybelle @realCruzThomas @patriottakes Understood. My point is the possibility of adverse reactions/side effects has been blown out of proportion. The Covid vaccines have all been tested, and the stats for adverse effects were the same as the vaccines we already have. But we have more/safer options with Covid jabs.",V,positive
1460387143319113731,1340853388590764033,Mon Nov 15 23:20:02 +0000 2021,0,1,"Edmonton, Alberta",115,kalen disproved the theory that we somehow caught covid so that's nice.,A,positive
1460386778364493828,2303465318,Mon Nov 15 23:18:35 +0000 2021,0,1,"Port Perry, Ont. Canada",23,@fordnation @StevensonHosp @SylviaJonesMPP Backlog caused by the governments not Covid,P,neutral
1460386211424579587,1289317551407685633,Mon Nov 15 23:16:20 +0000 2021,0,1,"Regina, Saskatchewan",365,"@jburnmurdoch If it is the 3rd dose of a 3-dose vaccine, why are we waiting until 6 months have passed from 2nd dose?",V,neutral
1460386073826107397,23281252,Mon Nov 15 23:15:47 +0000 2021,0,0,"Calgary, Alberta",1770,"@t7_linda Lower vax rates ensure that outbreaks will continue to compete for those few ICU beds (~175 normally) that Alberta maintains.  One problem may be that governments have cut budgets &amp; ICU beds in last decade. But until Covid #s drop, surgeries will continue to pile up.  It‚Äôs math.",M,neutral
1460385925482094596,829719163,Mon Nov 15 23:15:11 +0000 2021,0,0,"Yorkton, Saskatchewan",2669,SK and MB released their respective COVID-19 updates today. Details at 5:30 w/ GX94 News.,C,neutral
1460385680345817089,250310081,Mon Nov 15 23:14:13 +0000 2021,0,0,Calgary,21,"@Cyberace1985 @lovelylucybelle @realCruzThomas @patriottakes /3 That‚Äôs why it‚Äôs nice that we have a choice with Covid vaccines. The mRNA vaccines don‚Äôt contain any virus, live or dead, so that‚Äôs a gift to the immune compromised.   People who think any of this is experimental at this point don‚Äôt realize that mRNA vaccines aren‚Äôt really new.",V,positive
1460385310844481538,250310081,Mon Nov 15 23:12:45 +0000 2021,0,0,Calgary,21,"@Cyberace1985 @lovelylucybelle @realCruzThomas @patriottakes /5 Speaking of experimental vaccines - which you weren‚Äôt, but all the anti-vaxxers are:  225 years ago, Edward Jenner discovered the first smallpox vaccine by injecting pus from a cowpox pustule into a 9 year-old boy‚Äôs arm.  He saved over 500M lives.   Ain‚Äôt scared of no vaccine.",V,positive
1460385291554881541,1340853388590764033,Mon Nov 15 23:12:40 +0000 2021,0,0,"Edmonton, Alberta",115,"ah, shit. person buying stuff from us says it might be covid that we've got. i dunno how cause we're fully vaxxed and have been masking everywhere, but...",A,neutral
1460384972817141762,545463508,Mon Nov 15 23:11:24 +0000 2021,0,0,Calgary Alberta Canada,40,"Remember that as of Nov 15, the QR code is the expected proof of vaccination in the province. All upcoming Titan training participants must have there QR vaccine record code ready to show their instructor. You can access your personal QR code here:",V,neutral
1460384912624607232,415170246,Mon Nov 15 23:11:10 +0000 2021,9,36,"Edmonton, Alberta",5153,"Covid is an aerosol, just like smoke. Glad to see our public health leaders sharing this fact.   Now, please back it up with support for better masks (KN95, CA95, N95) and better indoor ventilation. Hard to open windows in the winter.",S,positive
1460384822648471557,1451395155731255299,Mon Nov 15 23:10:49 +0000 2021,0,0,"Calgary, Alberta",19,@AlbertaPharmacy @JasonCoppingAB @GoAHealth Moderna has zero clinical trials for the 3 rd dose. The clinical trials are not completed until fall of 2022. Call amd ask them.,V,neutral
1460384571631886336,23281252,Mon Nov 15 23:09:49 +0000 2021,0,1,"Calgary, Alberta",1770,"@t7_linda Until vax rates reach a higher level, our health care systems will limp along with emergency surgeries only.  I‚Äôm told there are two main factors in Alta:  1.  High demand for ICU beds for many postop patients combined with 2. Weeks long ICU stays for many Covid-19 patients.",M,neutral
1460384542322089988,1451395155731255299,Mon Nov 15 23:09:42 +0000 2021,0,0,"Calgary, Alberta",19,@CovenantCA @JasonCoppingAB Anyone who is involved with the care of a Covid patient without treating them with the FLCCC protocol should have their license revoked. A ventilator is not a treatment for a virus. Shame!,S,neutral
1460383842062127105,171603438,Mon Nov 15 23:06:55 +0000 2021,0,2,"Lethbridge, AB",2433,"As for the two COVID deaths reported in the South Zone, one involved a man in his 70s and the other, a woman in her 50s with the notation of ""no known pre-existing conditions were involved.""",C,neutral
1460383596774977537,415170246,Mon Nov 15 23:05:56 +0000 2021,37,178,"Edmonton, Alberta",5153,"We need to see government, and public health, leaders wearing better masks (KN95, CA95, N95).   We also need these same leaders to be advocating, and providing, better masks for the general public. No more crappy masks that let the airborne Covid in and out.",S,positive
1460383594052874243,1328897667880030208,Mon Nov 15 23:05:56 +0000 2021,0,5,"Calgary, Alberta",174,"Politics today: Rivals for #UCP #fortmcmurray nomination ,economist and fossil fuel advocate Joshua Gogo, and ex Wildrose ginger Brian Jean are battling to present the most obtuse Covid vaccine stance in an effort to gain the support of the powerful @Alberta_UCP stupid lobby.",P,neutral
1460382664188436483,21037096,Mon Nov 15 23:02:14 +0000 2021,2,9,"Calgary, Alberta, Canada",191667,COVID-19 in Alberta: 17 weekend deaths as ICU count hits lowest mark since August:,M,neutral
1460382484214865928,250310081,Mon Nov 15 23:01:31 +0000 2021,0,0,Calgary,21,"@Cyberace1985 @lovelylucybelle @realCruzThomas @patriottakes /4  mRNA vaccine has already been used to fight Ebola, but Ebola isn‚Äôt a big concern in western countries. This is the first time an mRNA vaccine has been developed for something this big or that it has been commercially developed in the United States.",V,neutral
1460382358213906436,21037096,Mon Nov 15 23:01:01 +0000 2021,1,13,"Calgary, Alberta, Canada",191667,"Alberta residents will now need more than a paper record from a COVID-19 vaccine clinic if they want to sit down at a restaurant, work out at a gym or enter indoor venues like arenas or movie theatres.",V,neutral
1460382291658776586,3070764517,Mon Nov 15 23:00:45 +0000 2021,0,0,"Calgary, Alberta",893,Could COVID be the catalyst for Vancouver‚Äôs red hot real estate market to finally stabilize?,A,neutral
1460382138084343816,1035239297819926528,Mon Nov 15 23:00:08 +0000 2021,0,0,"Calgary, AB",98,"As of midnight Monday roughly two million Austrians eligible for vaccination, but who are not yet inoculated, are prohibited from leaving their homes except for basics like working, shopping, going to school ‚Äî or getting vaccinated. #vax #antivax #covid19",V,neutral
1460382120967241729,210242696,Mon Nov 15 23:00:04 +0000 2021,8,12,"Calgary, AB",593,This is a MUST WATCH interview if you want to understand COVID-19 transmission!  This will literally save lives! @PopAlberta #COVID19Transmission #ABHealth,S,positive
1460382003203690496,171603438,Mon Nov 15 22:59:36 +0000 2021,0,4,"Lethbridge, AB",2433,"Still waiting for geospatial data to update but for Nov. 12, 13, 14 combined there were 17 COVID deaths reported to AHS. Two were in the South Zone.   There were 429, 353 and 286 new cases confirmed on those days respectively with positivity rates of 5.4%, 4.9% and 4.3%.",C,neutral
1460381831061118979,3948006613,Mon Nov 15 22:58:55 +0000 2021,0,0,"Edmonton, Alberta",336,Shortly there after getting the so called ‚Äúvaccine‚Äù‚Ä¶no children do not have strokes! This is not normal,V,negative
1460381588517269513,15769858,Mon Nov 15 22:57:57 +0000 2021,0,6,"Edmonton, Alberta, Canada",182496,Hopes renewed for Alzheimer's vaccine after trials reverse memory loss in mice,U,neutral
1460381297629667328,18982486,Mon Nov 15 22:56:48 +0000 2021,1,3,Calgary,84049,"On Monday, the province released COVID numbers from the weekend and it has some positive signs and some things to watch out for.¬†",C,neutral
1460381140305551362,381174013,Mon Nov 15 22:56:11 +0000 2021,0,0,"Calgary, Alberta",8409,Council is looking at giving itself the ability to remove the mask bylaw following a regular COVID update from administration.,P,neutral
1460381064770191363,1008760574748983296,Mon Nov 15 22:55:53 +0000 2021,0,1,"Red Deer, Alberta",173,@TrevorBoller @hilaurel The Black Knight Inn in Red Deer just auctioned off all its contents.  #Bankrupt casualty of Covid,U,neutral
1460381022105718784,113389632,Mon Nov 15 22:55:42 +0000 2021,1,3,"Edmonton, Alberta",1120,You can now add your COVID vaccination record to your Apple wallet.,V,neutral
1460380556076720134,60904108,Mon Nov 15 22:53:51 +0000 2021,0,0,Devon,2199,"@Les1004 Had two AZ jabs, three days ago, had Pfizer booster, no effects thus far.  Did have a few scary dizzy spells after first AZ shot, nothing after the second.",V,neutral
1460380394289827844,381174013,Mon Nov 15 22:53:13 +0000 2021,0,3,"Calgary, Alberta",8409,"#yyccc is done with the break. Now it's back to the COVID related items. First, housekeeping update on the vaccine passport bylaw which brings the City's rules in line with the province. This is approved 15-0.",V,neutral
1460380231844327425,822548812904460291,Mon Nov 15 22:52:34 +0000 2021,0,0,"Medicine Hat, Alberta",3243,"SPORTS: NHL, Senators postpone next three games as team deals with COVID outbreak",T,neutral
1460380007746859010,250310081,Mon Nov 15 22:51:41 +0000 2021,0,0,Calgary,21,@Cyberace1985 @lovelylucybelle @realCruzThomas @patriottakes /2 Most adverse reactions fall under the heading of mild symptoms.   More serious reactions are often not a reaction to the vaccine but to the medium used as a vehicle for delivering the vaccine. Think egg allergy.    And immune compromised patients might worry about live virus.,V,neutral
1460379803559682052,2898732470,Mon Nov 15 22:50:52 +0000 2021,0,1,"Calgary, Alberta",415,"@Godwinse1 @CarolinaPostma @KatieM12121 Those numbers include cases reported since the start of the vaccination campaign which began December 14, 2020, as per PHAC website. In others, the ‚Äòdata‚Äô is not quite what it appears.",C,neutral
1460379125764481028,718922508,Mon Nov 15 22:48:10 +0000 2021,3,7,"Calgary, Alberta",4455,"Alberta's COVID-19 update for today: Nov 12: 429 new cases Nov 13: 353  Nov 14: 286 5,828  active cases 519 in hospital with 100 in icu (last report on Fri: 554/110) Total deaths now: 3,188 (an increase of 17) Tests: Nov 12: 7,967 Nov 13: 7,146  Nov 14: 6,639",C,neutral
1460379095850704905,1877329807,Mon Nov 15 22:48:03 +0000 2021,13,54,Saskatoon,1366,"Today I spoke with Andrew and Matthew Millar who recently lost their father, Ken Millar, to COVID-19. He was one of the five Saskatchewan COVID ICU patients who died after being transferred to Ontario. Ken was hesitant to get vaccinated. Story on the 6pm @CBCSask newscast.",A,neutral
1460378675363282948,250310081,Mon Nov 15 22:46:23 +0000 2021,0,0,Calgary,21,"@Cyberace1985 @lovelylucybelle @realCruzThomas @patriottakes /1  The actual number of catastrophic outcome attributable to adverse reactions to vaccines in general is very small, and generally insignificant if weighed against the likelihood of a catastrophic illness resulting from the disease the vaccine is designed to fight.",V,positive
1460378534954688518,622137885,Mon Nov 15 22:45:49 +0000 2021,0,0,"Saskatoon, Saskatchewan",471,"@ByronMBader Why doesn‚Äôt Rossi have a D1 or D2 NHLe? I know he didn‚Äôt play, but everyone‚Äôs numbers were skewed because of Covid? Or did you set a minimum games played marker for everyone?",T,neutral
1460378403417333773,829568437156507648,Mon Nov 15 22:45:18 +0000 2021,0,0,"Saskatchewan, Canada",117,"I understand covid failures so much more now. The best of us are struggling to ensure space is safe, how can we expect the worst of us (Some political leaders) to figure out safety on earth. Stay safe up there folks",P,negative
1460378258860654595,909045265,Mon Nov 15 22:44:44 +0000 2021,0,0,Edmonton - Alberta,147,@HILITINGHOCKEY @denisebatters Government Incompetence (many example plus scandals and ethics violations):,U,neutral
1460378068208467971,248815939,Mon Nov 15 22:43:58 +0000 2021,0,3,"Calgary, Canada",122,Post-covid movies have a lot of nerve being over 2 and a half hours long given my attention span regressed to that of a gnat the last year and a half,U,neutral
1460378023761362945,1289604676363489285,Mon Nov 15 22:43:48 +0000 2021,0,2,"Calgary, Alberta",1054,"@covid_parent @AlixG_2 I need to buy shares, Gates is getting 20-1 returns üí∞üòÜ",U,neutral
1460378020590596098,273250582,Mon Nov 15 22:43:47 +0000 2021,0,3,"Saskatoon, SK, Canada",1070,@DrKyle @tammyrobert This is unrelated to Covid‚Äôs effects on the healthcare system.,M,neutral
1460377955205591045,27901722,Mon Nov 15 22:43:31 +0000 2021,0,1,Calgary,22185,"@zsa_zsa_zebra Hey, thanks for reaching out to us. We've passed your feedback on to the Nose Hill manager for their review.  All Library staff and visitors must wear a mask inside locations unless they have a medical exemption, per our health and safety guidelines:",U,neutral
1460377647259729920,27471594,Mon Nov 15 22:42:18 +0000 2021,0,0,"Edmonton, Alberta",2243,"Here's a regional breakdown of active COVID-19 cases in Alberta.  Provincial total: 5,828 Calgary zone: 1,848 Edmonton zone: 1,249 North zone: 1,213 Central zone: 991 South zone: 521 Unknown: 6  #yeg #yyc #COVID19AB",C,neutral
1460377528137240580,1026882835,Mon Nov 15 22:41:49 +0000 2021,0,0,"Calgary, Alberta",116,@KatieM12121 Also I didn't mention... I already had covid early September...,A,neutral
1460377329385934851,205426642,Mon Nov 15 22:41:02 +0000 2021,7,16,"Edmonton, Alberta",15732,Most 124 Street Businesses have extended their opening hours during All Is Bright Festival. Enjoy the festival ‚ùÑÔ∏è and maybe do some shopping while you‚Äôre on the street! Please ensure to follow COVID-19 protocols at all 124 Street establishments.  #shop124street #AllIsBright2021,U,neutral
1460376996182212622,174473050,Mon Nov 15 22:39:43 +0000 2021,19,25,"Edmonton, Alberta",20093,"NEW:   - 17 COVID deaths reported in Alberta over past 72 hours - 519 in hospital (-35), incl 100 in ICU (-10)  FRI: 429 cases/7967 tests (5.4%+) SAT: 353 cases/7146 tests (4.9%+) SUN: 286 cases/6639 tests (4.3%+)  - 5828 active cases (+85)  #yeg #yyc #ableg #Covid19ab",C,neutral
1460376881262301184,1349204554785591296,Mon Nov 15 22:39:15 +0000 2021,0,0,"Edmonton, Alberta,Canadaüá®üá¶",716,"@photodarren I totally understand and only was in and out of home and only used bed for several years and felt like everything was in storage just sitting there and now actually added what was in storage that I decided to keep and should be down sizing more at my age, covid botched all so far",U,neutral
1460376862840922115,26157329,Mon Nov 15 22:39:11 +0000 2021,1,9,"Calgary, Alberta",4367,AB Covid wknd update: Fri - 429 new cases (5.3% positivity) Sat - 353 new cases (5% positivity) Sun - 286 new cases (4.3% positivity) 5828 active cases 519 in hospital 100 in ICU 17 deaths,C,neutral
1460376843786334208,501467647,Mon Nov 15 22:39:06 +0000 2021,0,1,"Brock, Saskatchewan",1501,@jcalder1983 If Covid makes it rain I just turned into an antivaxxer real fast. ü§£ü§£ü§£,U,neutral
1460376822898737154,1112045976,Mon Nov 15 22:39:01 +0000 2021,0,0,"Fort McMurray, Alberta",4774,"QUESTIONS?  When you‚Äôre ready to fly, we know you‚Äôll have questions.  Check out the government of Canada regulations here:   Questions about flying from YMM are answered on our website:   Fly Healthy. Fly Safe. Fly YMM.  #ymm #fmwb",U,neutral
1460376803059453953,3529234932,Mon Nov 15 22:38:56 +0000 2021,4,3,"Calgary, Alberta",2112,"There are 17 additional COVID deaths reported over the last three days. Alberta's death toll from COVID-19 sits at 3,188. #COVID19AB",C,neutral
1460376523878195201,1289604676363489285,Mon Nov 15 22:37:50 +0000 2021,0,2,"Calgary, Alberta",1054,"@AlixG_2 @covid_parent Lmao!  Makes perfect sense, by 2024 it will be your trophy for each vile injected by then.",U,neutral
1460375208913637380,1269860375828107264,Mon Nov 15 22:32:36 +0000 2021,0,0,Yyc,6,@JustinTrudeau @theJagmeetSingh CRSB benefits number of weeks eligible should be increased  to the same duration as the CR caregiving benefits.   I am and people like me are struggling with covid issues and yes i am vaccinated,S,neutral
1460374681052008448,1287168679,Mon Nov 15 22:30:31 +0000 2021,0,2,"Olds, Alberta",674,@MyTwistedMind89 I keep telling my unvaccinated friends the vaccine made my ..... bigger. ü§∑‚Äç‚ôÄÔ∏èüòÇ.,A,neutral
1460374430803238916,42486455,Mon Nov 15 22:29:31 +0000 2021,0,1,"Saskatoon, Saskatchewan",65941,U of S study reveals factors behind vaccine resistance in Saskatchewan,V,neutral
1460373517959110658,413250668,Mon Nov 15 22:25:53 +0000 2021,1,1,Saskatoon,2940,What drives resistance to #COVID19 vaccines in #Saskatchewan?  A newly released U of S study takes a look with 76 per cent who said they would be willing to take the vaccine and 11 per cent who said they would refuse it. #skpoli #COVID19SK #antivaxxers,V,neutral
1460372820622336000,10459302,Mon Nov 15 22:23:07 +0000 2021,0,0,"Wetaskiwin, Alberta, Canada",39,"@PediHatrick @MattJonesYYC Anyone who is following the science and data, and not just reading memo's from AHS knows that this is completely false.  üö©üö©üö© ""COVID remains a serious risk for children and the vaccine is far safer than infection in all eligible ages""",V,negative
1460372640544092163,1261651240615723008,Mon Nov 15 22:22:24 +0000 2021,0,1,"Edmonton, Alberta",105,"Oh, the weather outside is frightful, And we have to fend for our own survival. For COVID to have no place to go, Stay at home, stay at home, stay at home!  #Yegwx #covid19ab",S,positive
1460372211672432640,232352437,Mon Nov 15 22:20:42 +0000 2021,0,1,Sandy Beach,45,@BBCNews Has she had her vaccination?,U,neutral
1460372076812902404,26156180,Mon Nov 15 22:20:10 +0000 2021,0,2,"Edmonton, Alberta",1932,One more reason to get that vaccine into our kids ASAP. #diabetes #COVID19,V,positive
1460371449680736261,182968639,Mon Nov 15 22:17:40 +0000 2021,0,1,Downtown Canada,2289,@XylieStarGaming So sad the grandpa died of Covid but they still get together ü•∞,U,neutral
1460371434987921410,91712111,Mon Nov 15 22:17:37 +0000 2021,0,0,Calgary AB,2780,@Al_Mc72 @marcus_t_ward It sounds sooo awful &amp; unpredictable. I wish you the best &amp; a cure Alistair &amp; glad you‚Äôre fully recovered Marcus.  I‚Äôm so glad my son &amp; I have avoided Covid. I‚Äôve heard similar &amp; worse outcomes in Canada. In young &amp; healthy people too.,u,neutral
1460370818605608965,276172256,Mon Nov 15 22:15:10 +0000 2021,0,2,"Lacombe, Alberta",479,"Another weekday and another covid exposure letter from the schools.  I'm not kidding; It's almost daily.  Good thing covid doesn't spread in schools, right @AdrianaLaGrange, @CMOH_Alberta and @jkenney?  Are you still holding fast to that story?",A,negative
1460370787312050191,24735707,Mon Nov 15 22:15:02 +0000 2021,0,0,"Edmonton, Alberta",30344,Alberta now requires vaccine record with QR code for its passport program,V,neutral
1460370750796304389,26435146,Mon Nov 15 22:14:54 +0000 2021,0,1,"Edmonton, Canada",36,@ellie3737 @JustinTrudeau Do your research on this poison and decide after. Vaccine has killed thousands and many more sick with lifetime illness',V,positive
1460370510240358400,91712111,Mon Nov 15 22:13:56 +0000 2021,0,0,Calgary AB,2780,"@Al_Mc72 @marcus_t_ward I‚Äôm sooo lucky through obsessive N95 wearing, hiding (our Fed gov paid us $ to) &amp; being scared &amp; neurotically careful because we‚Äôve had the worst provincial gov in Canadian history thru Covid (@Alberta_UCP)(our premier handled it like tRump) I haven‚Äôt caught it.",P,negative
1460370418603225088,1019804744460582912,Mon Nov 15 22:13:34 +0000 2021,0,2,"Edmonton, Alberta",337,"@COVIDUpdate2020 In their defence, sending alberta residents an alert that COVID was an ‚Äúemergency‚Äù at wave‚Ä¶.. 3?4? Was pretty dumb",P,negative
1460370326756331525,40824514,Mon Nov 15 22:13:12 +0000 2021,0,1,Calgary,817,"@npparikh @dick_nixon Trump had a ""good economy"", until COVID",P,neutral
1460369829534199809,3236156194,Mon Nov 15 22:11:14 +0000 2021,1,7,Edmonton,717,"@jbrough @KevinCTV They didn't plan on vaccine passports until, oh shit, I guess we need vaccine passports after all.  They didn't plan on acquiescing to $10 per day childcare until, oh shit, do we want to in '23 or not?  There are good people in government trying to give good advice, but...",P,negative
1460369738756808706,960592260,Mon Nov 15 22:10:52 +0000 2021,0,0,calgary,129,@invest2the @Highgra91300700 No. I critically think and so my own research. The vaccine is to prevent severe outcomes. And should be taken by anyone who wants it.,V,neutral
1460369343905153037,2303465318,Mon Nov 15 22:09:18 +0000 2021,0,1,"Port Perry, Ont. Canada",23,@ekkiet So you agree to not preach the gospel to people if you feel they are unsafe over a virus that is 99% recoverable. Are you checking for Hepatitis. It can stay viable in dried blood for up to 6 weeks? Do you also have a metal detector as you enter. Guns can kill more than covid.,U,neutral
1460368965654528000,63801181,Mon Nov 15 22:07:48 +0000 2021,0,15,Malta,11,@Bobby1897 @SamanthaTaghoy @calvinrobinson @LBC @IainDale Why did you feel the need to share your vaccination status ?  You can have an opinion regardless of whether or not you have received a double jab,U,neutral
1460368513420386317,16385645,Mon Nov 15 22:06:00 +0000 2021,1,2,"US, UK, Canada",40725,"A high dose of the purified form of eicosapentaenoic acid, icosapent ethyl, failed to significantly reduce hospitalizations or death in patients infected with COVID-19 in the PREPARE-IT 2 study. #AHA21",C,neutral
1460367347596742658,1338249229773377536,Mon Nov 15 22:01:22 +0000 2021,0,1,"Edmonton, Alberta",248,"@johncslaughter It is bull-it we're receiving about this virus! I am not getting this so called vaccine until i get taken to jail, and even then, maybe",V,negative
1460367281855336460,15769858,Mon Nov 15 22:01:06 +0000 2021,6,7,"Edmonton, Alberta, Canada",182496,"Keith Gerein: Shelter crisis in Edmonton deserves better than slapdash, last-minute response   The number of Edmontonians experiencing homelessness has exploded during the COVID era  #yeg",P,negative
1460367280165081096,25287690,Mon Nov 15 22:01:06 +0000 2021,3,8,"Maritime Provinces, Canada",165816,"Nova Scotia is reporting three more COVID-19-related deaths, including two that are connected to a long-term care facility at the centre of an ongoing outbreak.",C,neutral
1460367236712046597,193333889,Mon Nov 15 22:00:56 +0000 2021,0,1,"Calgary, AB, Canada",3058,"UPDATE &gt;&gt; The only COVID-19 immunization records that will be accepted at the Oval are ones with a QR code.  Vaccine records issued by other provinces and territories will also be accepted, as well as the ArriveCan app for international travellers.",V,neutral
1460366291957551106,26435146,Mon Nov 15 21:57:10 +0000 2021,0,0,"Edmonton, Canada",36,@OmarAlghabra How about fighting it against big business who actually do the most pollution and China who's pollution has gone up quite a bit. How about stop spraying cleaners to kill Covid. Spraying these chemicals are creating more pollution in both air and water.,U,neutral
1460366286370709507,613802332,Mon Nov 15 21:57:09 +0000 2021,1,1,"Calgary, Alberta",2678,"Ummm, it just means the vaccine is working and there must have been an unvaccinated person licking the doorknobs at the hockey arena. I sure hope the 3rd shot will finally protect these young men from those filthy unvaxxed.",V,neutral
1460365439490396161,1041839265779466241,Mon Nov 15 21:53:47 +0000 2021,0,0,"Saskatoon, Saskatchewan",110,@adrianmacnair @BumfOnline How is someone declining a leaky vaccine with non-sterilizing immunity putting anyone at risk?,U,neutral
1460364512138252289,182968639,Mon Nov 15 21:50:06 +0000 2021,0,5,Downtown Canada,2289,Also RIP to the Granddad who died of Covid last year ü•≤,A,negative
1460364498250969093,18982486,Mon Nov 15 21:50:03 +0000 2021,1,0,Calgary,84049,The NHL has postponed the Ottawa Senators‚Äô next three games this season due to an ongoing COVID-19 outbreak amongst the team.,T,neutral
1460364039821930505,20338839,Mon Nov 15 21:48:14 +0000 2021,0,1,Almost Canada,4198,"@DannyVer4 It was ok. My students were awesome, but I feel so sick from my Moderna booster and I‚Äôm headed to my night job. How was your day?",A,neutral
1460363461519556612,50547284,Mon Nov 15 21:45:56 +0000 2021,31,170,"Calgary, Alberta",14349,Vaccines don't have an impact on sperm.  But you wouldn't know that if you believed the eugenics-propaganda that is regularly shared on social media by alternative medicine gurus who are married to anti-vaccine ideology.,V,positive
1460363450681417728,214074911,Mon Nov 15 21:45:53 +0000 2021,0,1,"Calgary, AB",341,Why you cannot trust US Covid data,U,neutral
1460363426710974465,1167237489796341760,Mon Nov 15 21:45:47 +0000 2021,1,2,Treaty 7 territory,204,"Knowing that many parents have increase in stress and substance use during #Covid_19 and that many children have lost a parent to a toxic drug supply, the conversation about the impact of #stigma on children is more important then ever. üëáüèºüëáüèº @STARLINGS_CA",C,negative
1460363392670072833,1379564735079706627,Mon Nov 15 21:45:39 +0000 2021,2,7,"Calgary, AB",1359,When the item returns I‚Äôll be looking for path forward that holds these two priorities in balance. #yyccc #Covid_19,U,neutral
1460363389566271488,1379564735079706627,Mon Nov 15 21:45:38 +0000 2021,2,11,"Calgary, AB",1359,Re: Covid Mask Mandate debate at Combined Meeting of Council. The City does need to be able to respond to the local health situation if/when numbers spike and is why I voted for the amendment by Cllr. Wong.,P,neutral
1460363231202054146,24860778,Mon Nov 15 21:45:01 +0000 2021,0,0,Beyond the wall,153,@ljamie6 @BarmakGirl @NYCHealthCommr  says similar.  Hosp rate of vaxed seems consistently low.  Infection rate rises among vaxed w waning. Maybe booster reduces that.,V,positive
1460362717588430856,411912180,Mon Nov 15 21:42:58 +0000 2021,0,0,Calgary,68,@albertaNDP @RachelNotley @MLAIrfanSabir Remarkable stupidity. By what measure does he deem what is failed or not? I agree that opening this summer and dragging on vaccine passports was the wrong decision but is there a statistical measure by which he failed and if so what is it? What is the correct political choice?,V,positive
1460362378080448512,101193997,Mon Nov 15 21:41:37 +0000 2021,0,0,"Calgary, AB",3098,"Definition of anti-vaxxer: a person who opposes the use of vaccines OR regulations mandating vaccination.  Personally, am strongly opposed to mandatory vaccines, or whatever the new mRNA gene therapies are called.  And don't care what you do...but dislike your narrow-minded view",V,negative
1460362051935633408,1311742206,Mon Nov 15 21:40:20 +0000 2021,0,0,"Calgary, Alberta",133,@TannerCornell5 @VanessaCariddi @angieyanda @WikiDocJames How many unvaccinated people are there who contracted COVID yet were not hospitalized?,A,neutral
1460361382835093508,1077564920,Mon Nov 15 21:37:40 +0000 2021,0,1,Calgary Alberta,40,"Fauci warns the vaccinated of waning immunity, declares COVID booster shots 'an absolute essential part of the program'  via @RebelNewsOnline WHY is this man not in prison for lying to congress? @RandPaul @GovRonDeSantis @SenTedCruz",P,negative
1460361278619373568,2353474117,Mon Nov 15 21:37:15 +0000 2021,1,2,"Warman, Saskatchewan",2131,"Prairie Spirit's new administrative procedure AP-520 - Vaccination for Employees, Trustees, and Other Individuals comes into effect on Tuesday, November 16.   Details in the Director's letter to @prairiespiritsd families:",V,positive
1460361148973391877,2364181634,Mon Nov 15 21:36:44 +0000 2021,0,6,East Anglia,18886,@peter_sarris Oh god is this like a historiographical version of Covid denialism,U,neutral
1460360831393280006,2452076066,Mon Nov 15 21:35:29 +0000 2021,0,1,,105,@ctvsaskatoon  And yet they told us the vaccines were perfectly safe.  üôÑ.  And now the Ottawa senators have had to postpone 3 games (for now) because of a covid outbreak.  In an entirely vaxxed team.,V,negative
1460360503885242368,134198093,Mon Nov 15 21:34:10 +0000 2021,14,59,"Saskatchewan, Canada",28886,"Our staff are working very hard to provide you w/ health service/care. Once again we ask you to be kind, polite, patient AND respectful when in a: üè• SHA facility or home üíâ  vaccine clinic üßë testing centre  Or when speaking to someone by phone, by email or through social media.",U,neutral
1460360404073209857,1219013331467427841,Mon Nov 15 21:33:47 +0000 2021,0,9,Calgary,429,"@KathyKucemba @BBeavan @WestJet And what we really must do is submit to the all knowing government! As the politicians say ""covid has created a political opportunity""! If you are not aware that opportunity is the Great Reset, you will own nothing and be happy!",P,negative
1460360081866780672,3249559783,Mon Nov 15 21:32:30 +0000 2021,0,0,"Edmonton, Alberta",626,"I've decided on my set list for Friday night's gig with Rob and Spencer. Here's one song that will be on the list. Hope to see you there - Blue Chair Caf√©, 7 - 9.30 p.m. $15 cover. Proof of full vaccination required. For reservations call 780-989-2861.",U,neutral
1460359849653325826,1283499774,Mon Nov 15 21:31:34 +0000 2021,1,1,Edmonton Alberta,1316,üî•PONOKA ALBERTA!üî• ‚Ä¢ RCW finally returns to Ponoka on Saturday November 20th! ‚Ä¢ Tickets available now at  by etransfering rcwtickets@yahoo.com or at the legion office. ‚Ä¢ Proof of vaccination or a negative COVID test is required  ‚Ä¢,U,neutral
1460359513324797953,138099943,Mon Nov 15 21:30:14 +0000 2021,0,1,"Saskatoon, SK",46438,Monday marks the deadline for City of Saskatoon employees to submit their proof of COVID-19 vaccination.,V,positive
1460359247254884355,1219013331467427841,Mon Nov 15 21:29:11 +0000 2021,0,23,Calgary,429,"@BBeavan @WestJet Since we now know the vaccinated can still get covid and transmit covid, does it really make any difference?",V,negative
1460359164601909251,22020109,Mon Nov 15 21:28:51 +0000 2021,1,3,"Calgary, Alberta",8966,"Will be tuned out for a while catching up on other stuff.   Reminder: COVID face coverings update and later tonight (maybe tomorrow), climate declaration. #yyc #yyccc #calgary",U,neutral
1460358923068731397,22020109,Mon Nov 15 21:27:54 +0000 2021,0,0,"Calgary, Alberta",8966,They've tabled that item (as amended) and it will come back with appropriate language on the COVID face coverings bylaw.   After the pm break (4 p.m.-ish).   Now on to public hearing and 20+ items. #yyc #yyccc #calgary,U,neutral
1460358828562604033,353365146,Mon Nov 15 21:27:31 +0000 2021,2,11,"Calgary, Alberta",3409,"@LeylaDAsadi Agreed, Dr Asadi. ‚Ä¢ 3rd lowest % of age 12+ fully vaccinated ‚Ä¢ haven't even caught up to August inventory ‚Ä¢ generously assuming 15K/day for 1st, 2nd, 3rd doses combined ‚Ä¢ still takes over 76 days to use up doses already in storage (~ 30 Jan 2022)",V,neutral
1460358746467549186,236991616,Mon Nov 15 21:27:11 +0000 2021,0,1,Calgary,261,@zainvelji Telus 5G working great in Dalhousie #yyc. Or it could be my third COVID dose.,U,neutral
1460358075836080133,129758267,Mon Nov 15 21:24:32 +0000 2021,0,0,YYC,312,"@treegrounds @Kim47874099 @gccarra @InglewoodYYC Semantics. You‚Äôre paying for the vaccine with your taxes, it costs you $0 extra to get the vaccine. Hence, free. Do you know how Canadian healthcare works?  Just say what you really think ‚Äúy‚Äôall can‚Äôt make me take the 5G syrup, Bill Gates ain‚Äôt gonna put his robots in me!‚Äù",V,positive
1460357600730484736,228477243,Mon Nov 15 21:22:38 +0000 2021,0,2,Edmonton,2858,"@atypicalalbertn The arguments I‚Äôve been seeing the sports fans raise in many circles is the vaccine passport is the key barrier. My point was it isn‚Äôt. There are many other factors as you laid out here but it‚Äôs not the passport alone, or for that matter the most important one.",V,positive
1460357533764227082,1126279695400566790,Mon Nov 15 21:22:22 +0000 2021,0,0,"Saskatchewan, Canada",341,The vaxes vary in effectiveness.  Something like 70-80% effectiveness I believe.  So they don't guarantee you won't get Covid.,V,neutral
1460357119597690880,1349204554785591296,Mon Nov 15 21:20:44 +0000 2021,0,1,"Edmonton, Alberta,Canadaüá®üá¶",716,@OrcaBC101 I still think we should cap how many planes and rockets destroy our skies and  proved the temp lowered when we stopped flights in beginning of covid,U,neutral
1460356920682827778,872907694788812800,Mon Nov 15 21:19:56 +0000 2021,0,3,"Edmonton, AB",2951,"I'm still not yet used to the fact that, no, Covidence has strictly nothing to do with Covid.",U,neutral
1460356083063541764,1183158347266064384,Mon Nov 15 21:16:36 +0000 2021,8,33,"Calgary, Alberta",8016,Hundreds of Edmonton city workers demand a stop to forced vaccination  #Yeg #Yegcc #Sohi #MandatoryVaccinations #abpoli #COVIDAB,V,negative
1460355775621046279,626200532,Mon Nov 15 21:15:23 +0000 2021,0,8,"West Coast, Canada",211,@Khelsilem @sailorrooscout for everything to do with vaccine efficacy.,U,neutral
1460355337337200642,880464532795043841,Mon Nov 15 21:13:39 +0000 2021,0,0,"Edmonton, AB",102,Great article from @ctvedmonton on the importance of medical-grade face masks and proper fit to protect from COVID-19:  Order the same masks trusted by hospitals across Canada from our online store at,U,neutral
1460355169925881859,217821689,Mon Nov 15 21:12:59 +0000 2021,0,0,Calgary,521,@HrdlickaJulie @jkenney @rebeccakschulz @JustinTrudeau This puts money directly into the economy and allows (for many) women re-entry back into the workforce after the past two year‚Äôs decimating COVID impact. What a win for Alberta. What a win for women!,P,positive
1460355051319267330,2324292356,Mon Nov 15 21:12:30 +0000 2021,0,3,Fort McMurray AB,201,@xBaesick @icemyeyes @PR_NHL @adater @Senators Because their smooth brains don't know the the difference between a vaccine and a cure.,V,neutral
1460354426376531978,238205888,Mon Nov 15 21:10:01 +0000 2021,2,2,"Kingston, ONT Canada",4603,#queensu expert @skepticalIDdoc @QueensuDOM talks to @globalnews about the risks of Canada delaying the COVID-19 vaccine booster shots for too long.,V,positive
1460353632948441088,1252277325464514571,Mon Nov 15 21:06:52 +0000 2021,3,1,"Saskatoon, SK",516,Health messaging is tough‚Äîespecially about high salience topics like the pandemic!  This group is looking at public health messaging during COVID-19.  Survey is here:,U,neutral
1460353438303145988,428462430,Mon Nov 15 21:06:06 +0000 2021,11,40,"Regina, Saskatchewan",1170,"@alexboutilier @denisebatters It wasn't the leader that lost the election. It was the Conservative Party trying to have it both ways by running on a Conservative Platform of loosening gun laws, denying climate change and not pushing vaccine mandates to having to walk back on those things during the campaign.",P,neutral
1460353431286140935,1451598702154379265,Mon Nov 15 21:06:04 +0000 2021,0,0,"Edmonton, Alberta, Canada",31,"Hey US Ambulance chaser.  Here's a lucrative deal.  With the work that the covid committee did for you, it's time to start a class action suit on Trump.  With a min. of 400k affected families including 140k orphans, that's a client list.  #Covid_19",U,neutral
1460353301170376704,1309898596964130817,Mon Nov 15 21:05:33 +0000 2021,1,14,"Edmonton, AB",99,"Massive congrats to Erin Balcom (PGY-3) @Erinneuron on her review of neurological illness in the context of #Covid_19, ‚ÄúAcute and chronic neurological disorders in COVID-19: potential mechanisms of disease‚Äù getting published in Brain!",U,neutral
1460353257159725057,1000965863774699520,Mon Nov 15 21:05:23 +0000 2021,1,1,"Edmonton, Alberta",257,"Changes to kids. As a political leanings, what is agreement on the time of vaccine protection of the shutdowns of the fully vaccinated countries that #yeg #yegcc",U,neutral
1460353096819818499,152004319,Mon Nov 15 21:04:44 +0000 2021,0,0,Lethbridge,17842,wants to hear from Canadians who were recently diagnosed with a more advanced stage of an illness that will greatly impact their life or life expectancy because of COVID-19 delays.,C,neutral
1460352796117676032,482206638,Mon Nov 15 21:03:33 +0000 2021,0,1,Devon,28434,Coronavirus infection rates have gone up in two parts of Devon - but the weekly rates have fallen in all eight of the other areas of the county,C,neutral
1460352729218387974,1021923763078672385,Mon Nov 15 21:03:17 +0000 2021,0,0,"Calgary, Alberta",22,@cduker Except vaccination checking isn‚Äôt part of anyone‚Äôs job description. If you want workers to care and check give them compensation for it.,C,neutral
1460352628815241216,318821825,Mon Nov 15 21:02:53 +0000 2021,0,1,"Regina, Saskatchewan",8560,"1,117 tests done.  1,029 vaccine doses given.  775 more people fully vaccinated. 819,845 total.",V,neutral
1460352563165995016,2263235551,Mon Nov 15 21:02:37 +0000 2021,1,1,"dauphin,manitoba",19230,A version of this gene doubles the risk of dying from COVID-19 | Live Science,C,neutral
1460352511726931970,52919680,Mon Nov 15 21:02:25 +0000 2021,1,2,Calgary,411,NHL not postponing Ottawa games with COVID shows what the priorities are. I'd be passed if Flames players get it.,T,neutral
1460352059962703873,318821825,Mon Nov 15 21:00:37 +0000 2021,0,5,"Regina, Saskatchewan",8560,"SK COVID update:  97 new. Down 13 on yesterday.  Far NW 0. Far N. Central 0. Far NE 0. NW 9. N. Central 16. NE 0. Saskatoon 22. Central West 2. Central East 4. Regina 17. SW 3. S Central 14. SE 8.  1,201 active. Down 44 on yesterday.  Seven-day average: 110.  139 recoveries.",C,neutral
1460351936364957702,18084046,Mon Nov 15 21:00:08 +0000 2021,0,7,"Calgary, Alberta",5918,We‚Äôre celebrating our graduates at the BVC Fall 2021 convocation on December 1. Come with loved ones to mark your accomplishments on this big day. BVC COVID-19 protocols will be in place for the in-person event.    #BVCGrad2021 Image captured pre-COVID.,U,neutral
1460351864986165253,964292659471790080,Mon Nov 15 20:59:51 +0000 2021,0,2,Wet Coast of Canada,29,@ColleenDoran you got yours on Friday too? It smacked me hard Saturday and now I have what looks like to be a hand sized burn on that shoulder and my lymph nodes under the arm are enlarged.  Would rather have all that than a single moment with Covid.,V,positive
1460351688166952960,1517922768,Mon Nov 15 20:59:09 +0000 2021,0,4,"Strathmore, Alberta",177,@HaruunYEG It‚Äôs ridiculous the narrative spun here by the UCP. I bet they won‚Äôt thank Ottawa for supporting Albertans through COVID! We got more financial assistance than any other province last year.,P,positive
1460351547724947456,1009090071600029697,Mon Nov 15 20:58:35 +0000 2021,4,8,Wessex,3125,What sort of ‚Äúsafe and effective vaccine‚Äù needs 3 jabs a year (so far) but still doesn‚Äôt immunise you from the virus?,V,negative
1460351461221670921,413250668,Mon Nov 15 20:58:15 +0000 2021,0,0,Saskatoon,2940,"New #Saskatchewan #COVID19 cases dropped below 100 for just the third time since mid-August. Also, the #Saskatoon zone dropped out of top spot for active cases for the first time since early August. #skpoli #COVID19SK",C,neutral
1460351147127017472,65110561,Mon Nov 15 20:57:00 +0000 2021,0,0,"Swift Current, SK",3119,The November 15 COVID numbers from the SHA are under 100 -,C,neutral
1460351127703093249,264324102,Mon Nov 15 20:56:55 +0000 2021,0,0,"Calgary, AB",1092,@Tamara_Elliott @FlyYYC I had this observation last week as well. Not one person asked for my vaccination status or negative covid test (!).,V,neutral
1460350984194965504,22020109,Mon Nov 15 20:56:21 +0000 2021,0,1,"Calgary, Alberta",8966,Just catching up after being in transit. COVID update is concluding.   Will have something on it shortly.   Coun. Terry Wong is proposing rescinding the 28-day repeal period on the face coverings bylaw. Coun. Carra just withdrew his second of it. #yyc #yyccc #calgary,P,neutral
1460350971922436099,1440382452875214859,Mon Nov 15 20:56:18 +0000 2021,0,1,"Calgary, Alberta",124,"Watching Alberta Legislator the NDP are constantly on the Covid issue. @abndpcaucus Rachel just STFU! Notley just can‚Äôt get pass the Summer, what a witch.",P,negative
1460350934425522184,179097451,Mon Nov 15 20:56:09 +0000 2021,0,0,"Regina, Saskatchewan",321,@laxbro094 @SunGarrioch Shouldn‚Äôt be an argument. You can get Covid after being vaccinated and that‚Äôs what happened to the Sens. They need time to get the virus out of their organization,V,neutral
1460350930700812289,407395156,Mon Nov 15 20:56:08 +0000 2021,11,31,Edmonton Canada,73832,"Research Timothy Caulfield Debunks #COVID #Misinformation  via @thegriffmag  ‚Äú...once you start to embrace magical thinking, it becomes easier to embrace other forms of magical thinking.‚Äù  Give individuals ""a path to credible information.""  #ScienceUpFirst",U,neutral
1460350877785636866,1252277325464514571,Mon Nov 15 20:55:55 +0000 2021,2,1,"Saskatoon, SK",516,"More and more, countries are creating COVID vaccine ""passports"".  This group is looking at the impact of these passports on human behaviour and the economy.  Survey is here: ",V,neutral
1460350649422553089,381174013,Mon Nov 15 20:55:01 +0000 2021,0,1,"Calgary, Alberta",8409,Coun. Wong is putting forward a motion that council repeal the current rule regarding the city's mask bylaw. He suggests that the bylaw stay in place but that council could repeal it following a regular COVID update. That would move away from the current repeal criteria.,P,neutral
1460350352646033410,2354170622,Mon Nov 15 20:53:50 +0000 2021,0,0,"Edmonton, Alberta",65,@FeysLeigh Just Shows What A Bad Government  We Have Because Of People Being Up In Arms About That Carbon Tax. Well LOOK WHAT WE HAVE NOW. A Pure Idiot is what @jkenney is. This is exactly What He Does When Any One Brings Up Important Stuff Like COVID-19  You got what you voted For Alberta,P,negative
1460350103890374660,179097451,Mon Nov 15 20:52:51 +0000 2021,0,0,"Regina, Saskatchewan",321,@laxbro094 @SunGarrioch I thought you were saying ‚Äúhow could they have Covid if they‚Äôre vaccinated‚Äù maybe I misunderstood your tweet as well,U,neutral
1460349609298042889,63801181,Mon Nov 15 20:50:53 +0000 2021,0,2,Malta,11,"@ambrafour @RealCarlVernon It's your choice and your body.. as a medical professional, why are you not having the vaccine ?",V,positive
1460349530650599428,169739245,Mon Nov 15 20:50:34 +0000 2021,0,0,"Saskatoon, Saskatchewan",1317,"We‚Äôre also number one on exporting ICU patients for medical care because of our crushed health care system.  We ‚Äúdrastically outpaced‚Äù the other provinces on COVID death rates too.    Keep deflecting, buddy.",M,negative
1460348601876451334,50547284,Mon Nov 15 20:46:53 +0000 2021,0,17,"Calgary, Alberta",14349,"""Many people hawking bunk 'immune-boosting' supplements and alternative medicines are also part of the anti-vaccine movement."" ",V,positive
1460348291732815874,3062506145,Mon Nov 15 20:45:39 +0000 2021,0,0,"Calgary, AB",533,The vaccine trials make sense now!,V,positive
1460348148560404491,796457850629279744,Mon Nov 15 20:45:05 +0000 2021,2,19,"Saskatoon, Saskatchewan",2221,@PremierScottMoe Scott you need to handle COVID so other things can happen. Deflecting from COVID by these announcements doesn‚Äôt make COVID issues go away.,C,neutral
1460347781680226306,225589079,Mon Nov 15 20:43:37 +0000 2021,0,4,"Edmonton, Alberta",2,@jkenney When is Alberta joining the federal vaccine passport program?  I‚Äôm traveling internationally with family from BC they have internationally recognized GOC QR.  I‚Äôm a second class Albertan in the special line without GOC QR.  Embarrassing!,V,positive
1460347619662655491,1000704397830057984,Mon Nov 15 20:42:59 +0000 2021,0,1,"Edmonton, Alberta",48,@Theshells1111 @RobK54125908 @costanza237 @jkenney Well I hope your kids don't end up having and long term side effects from covid which is happening at a much higher rate than any adverse side effects from the vaccine.  Also a very high rate of recovery from the side effects from the vaccine because you are aware.,V,negative
1460347596900380676,381174013,Mon Nov 15 20:42:53 +0000 2021,3,0,"Calgary, Alberta",8409,"City says Alberta registries, Calgary public library locations and the Kerby Centre are all offering to do free printing of vaccine passport QR codes for those without printers or smartphones.",P,positive
1460347221816135680,1000704397830057984,Mon Nov 15 20:41:24 +0000 2021,0,0,"Edmonton, Alberta",48,"@Theshells1111 @RobK54125908 @costanza237 @jkenney Doesn't matter how many doses. That would be 20/200,000 the average doesn't change based off how many doses someone gets and if you research the adverse affects from actually getting covid, it is much higher than 10/100,000 so no it is no barbaric",V,positive
1460346908145111044,2774492370,Mon Nov 15 20:40:09 +0000 2021,0,0,"Brandon, MB",451,Covid-19 update for PMH :   - Duck Mountain: 14 act. cases  - Porcupine Mountain: 11 act. cases  - Riding Mountain: 1 act. cases  - Agassiz Mountain: 11 act. cases  - Swan River: 4 act. cases  - Asessippi: 10 act. cases  - Little Saskatchewan: 14 act. cases  - Turtle Mountain:,C,neutral
1460346902268891144,2774492370,Mon Nov 15 20:40:08 +0000 2021,0,0,"Brandon, MB",451,"Covid-19 update for #bdnmb :   - 43 active cases 1785 üÜï  - 1809 total cases -- ‚¨Ü 1809  - 1742 recoverd -- ‚¨Ü 1742  18+ üíâ - 86.1% +86.1 18+ üíâüíâ - 83.5% +83.5 (as of November 14)  Last Updated: November 15, 2021",C,neutral
1460345986522492929,29723005,Mon Nov 15 20:36:29 +0000 2021,0,1,Lacombe,212,"@AndrewSaysTV I remember it clearly...""I don't even know what a vaccine passport is"" lol",V,positive
1460345875067138053,39795556,Mon Nov 15 20:36:03 +0000 2021,0,1,"Red Deer, Alberta, Canada",12102,Letter: #RedDeer Public and Catholic should move forward with vaccine mandates for staff,V,positive
1460345079491612676,381174013,Mon Nov 15 20:32:53 +0000 2021,0,0,"Calgary, Alberta",8409,The proposed amendments to the City's vaccine passport bylaw can be viewed here:,U,neutral
1460344715606429706,15769858,Mon Nov 15 20:31:26 +0000 2021,0,2,"Edmonton, Alberta, Canada",182496,COVID-19 live updates: Unvaccinated federal employees not granted exemptions; QR codes required as proof of vaccine in Alberta; NHL postpones three Sens games  #yeg #Covidab,V,positive
1460344546525528065,613802332,Mon Nov 15 20:30:46 +0000 2021,0,0,"Calgary, Alberta",2678,Why are you getting a booster? I thought vaccine worked? My unvaccinated life doesn‚Äôt need endless boosters. So will you need a 4th if I still remain unvaccinated or will it only work if I‚Äôm vaxxed? I had no idea our immune systems were linked.,V,negative
1460344397653069824,25287690,Mon Nov 15 20:30:10 +0000 2021,1,1,"Maritime Provinces, Canada",165816,New Brunswick is reporting 40 new cases of COVID-19 Monday.,C,neutral
1460344390535168001,2774492370,Mon Nov 15 20:30:09 +0000 2021,0,0,"Brandon, MB",451,"Covid-19 update for #bdnmb :   - 0 active cases -1785 üÜï  - 0 total cases -- ‚¨á 1809  - 0 recoverd -- ‚¨á 1742  18+ üíâ - % +-86.1 18+ üíâüíâ - % +-83.5 (as of December 31)  Last Updated: December 31, 1969",C,neutral
1460343174862364682,381174013,Mon Nov 15 20:25:19 +0000 2021,2,1,"Calgary, Alberta",8409,"As for the City's vaccination policy, it says 92 per cent of its employees are fully or partially vaccinated. Only 37 employees have been sent home without pay for failing to get vaccinated/comply with the negative testing policy. No operational issues. #yyccc",V,positive
1460343146282307590,104865102,Mon Nov 15 20:25:12 +0000 2021,0,1,"Calgary, Alberta",797,"@SantiniZoey @r_graus I am though I don‚Äôt go there much anymore, at least in the summer. It‚Äôs got far, far too busy in recent years, even with COVID.",T,neutral
1460342896599568385,934980986772660224,Mon Nov 15 20:24:13 +0000 2021,0,0,"Calgary, Alberta",9,@TrippettaRaffe @JustinTrudeau @cafreeland @karinagould @jkenney Well let‚Äôs hope people get vaccinated it seems employers have put it in place‚Ä¶ no vaccination no job‚Ä¶and wait who‚Äôs paying for the 3 B ‚Ä¶ our children grandchildren and great grandchildren with all the money this govt has handed out‚Ä¶,P,negative
1460342741439696896,1342413157214523392,Mon Nov 15 20:23:36 +0000 2021,0,14,"Edmonton, Alberta",76,@TheRealRhllor I understand. My niece just passed away last week and she was fully vaccinated. The girls had posted a picture of themselves with the caption ‚ÄúThe Vaccination Queens‚Äù. They did get Covid but only one fatality. Praying for your wife.,V,negative
1460342582525906945,1250503154178732032,Mon Nov 15 20:22:58 +0000 2021,0,0,"Calgary, Alberta",595,The nice part of being in the office in the COVID era is that I don't have to worry about if I have lunch bits stuck in my teeth.,A,neutral
1460342351185031172,20554152,Mon Nov 15 20:22:03 +0000 2021,1,24,Regina,7685,Moe says cases down nearly 80%. Says vaccination rates have increased.   Meili now talking about 5-year-old Connor Finn who needed a bone marrow transplant. Had to go to U.S. to get surgery that ‚Äúdrained their life savings.‚Äù He says it was not covered in Sask.,A,neutral
1460342189641412610,381174013,Mon Nov 15 20:21:24 +0000 2021,1,2,"Calgary, Alberta",8409,"City's mobile COVID19 vaccination effort has delivered nearly 2,000 doses. It will run until Dec 1st. #yyccc",V,positive
1460342070963412994,1045007636901416960,Mon Nov 15 20:20:56 +0000 2021,0,0,"Calgary, Alberta",29,@shawnpensfan @RebelNewsOnline But covid Trump's the climate! Just look at all those masks being tossed out and not one mention of the effects it has on the environment! It's just more hypocritical bullshit!,P,negative
1460342037820157952,95317449,Mon Nov 15 20:20:48 +0000 2021,0,0,Okla,4696,"Monday headlines:  Hundreds gather at Capitol to protest mask, vaccine mandates   Bergstrom files bill on former inmate driver‚Äôs licenses   OHCA board to tackle managed care guardrail bills with new members   Redistricting special session begins",V,neutral
1460341994895462405,343577667,Mon Nov 15 20:20:38 +0000 2021,0,0,"Vegreville, Alberta",1804,@RachelNotley Please show me an example of a jurisdiction that handled COVID in an ‚Äúappropriate‚Äù manner. Who should we be modeling our system after? Please share your solutions!,P,neutral
1460341528254103564,20554152,Mon Nov 15 20:18:46 +0000 2021,1,5,Regina,7685,Speaker asked Meili not essentially speak badly of another member.  Meili says Moe ‚Äúchose to take summer off.‚Äù   Meili says not surprising there are sub variants of Delta linked to Western Canada.   Moe says 120 sub variants. Best defence is vaccination.,V,positive
1460341280467308551,122092123,Mon Nov 15 20:17:47 +0000 2021,0,1,"Thompson, Manitoba, Canada",1493,Manitoba records nearly 400 new COVID-19 cases over three days,C,neutral
1460340997817253889,20554152,Mon Nov 15 20:16:40 +0000 2021,1,1,Regina,7685,Meili asks about organ donation and tells story of family who weren‚Äôt able to donate their loved ones organs.   Moe says govt. had to slow down services to deal with Covid and is now undertaking the return to work through SHA.,U,neutral
1460340926950240260,69064893,Mon Nov 15 20:16:23 +0000 2021,0,4,"Lethbridge, AB",1185,"A quick reminder about our COVID protocols: As of November 15,¬†proof of vaccination with QR code will be required for all audience members age 12 and over. QR codes will be scanned at the door. Get yours here:¬†",V,neutral
1460340648134033420,20554152,Mon Nov 15 20:15:16 +0000 2021,1,8,Regina,7685,"Meili names ex-NDP premiers and Brad Wall says Moe unlike his predecessors has made himself a ‚Äúlaughingstock, embarrassment‚Äù with COVID handling.   Moe: says as chair of Premiers‚Äô group helped negotiate $20M transfers. Says cases are down considerably. Cites investment numbers.",P,neutral
1460340276187176962,506216849,Mon Nov 15 20:13:48 +0000 2021,4,9,Calgary,18170,UCP Calgary-Fish Creek constituency association president Jack Redekop was front and centre at the press conference. Calgary-Fish Creek UCP MLA is @RichardGotfried who has been highly critical of Kenney's covid handling and resigned as Calgary caucus chair.,P,neutral
1460340236404281346,1359713850145320960,Mon Nov 15 20:13:38 +0000 2021,0,0,Saskatchewan,20,@Canucks Whoever has too cancel games because of  covid should automatically lose those games 2 points for the other team. No time too make up games especially this year with the Olympic break already!,U,neutral
1460340138999959553,816366818067496961,Mon Nov 15 20:13:15 +0000 2021,1,2,"Fort McMurray, Alberta",1678,Afternoon #ableg its COVID data dump day.  Got about 2.5 + tech issues to go but here is how we left things on Friday. Active cases 5745 New Cases 371 Deaths 3171 Hospitalized 554 ICU 110,C,neutral
1460339694265257988,806896854306844672,Mon Nov 15 20:11:29 +0000 2021,0,1,"Morinville, Alberta",11,@springcanadian1 @RachelNotley I got the vaccine lol you're assuming something out of nothing.  I just will not print a code.,V,neutral
1460339632290156546,3023092915,Mon Nov 15 20:11:14 +0000 2021,1,1,"49 Smith St E, Yorkton SK",308,Over the Moon will be live on stage at the Anne Portnuff Theatre tonight at 7:30pm. Tickets available online at  or at the door.   Masks and proof of vaccination or negative test required. #yorkton #yorktonsk,U,neutral
1460339606927208451,983443714939830273,Mon Nov 15 20:11:08 +0000 2021,0,24,Malta,261,@jeph_duarte @MegStEsprit @pfizer Siri show me what child abuse looks like,U,neutral
1460339602468872192,381174013,Mon Nov 15 20:11:07 +0000 2021,1,1,"Calgary, Alberta",8409,The PM session of #yyccc is now underway. The group is starting with a COVID update... and it sounds like there will be amendments to the City's vaccine passport bylaw.,P,neutral
1460339420729597958,988601164785635330,Mon Nov 15 20:10:24 +0000 2021,0,6,"Regina, Saskatchewan",778,"@IvoryHecker @SusanScranton Data is online and was analyzed in approving Pfizer for 5-11. You are leaving out an important detail, myocarditis is much more common from Covid, plus often serious. So much so a unvaxxed child is more likely to get Covid then myocarditis than a child from the vax, usually mild.",V,positive
1460339340295512067,15737968,Mon Nov 15 20:10:05 +0000 2021,2,2,"Calgary, Alberta, Canada",11108,"What an accomplishment! 99% of eligible residents in Calgary‚Äôs upper NE have had at least one dose. #UCalgaryMed‚Äôs Dr. Annalee Coakley, MD, on the barriers that originally led to low vaccine uptake in the area:",V,positive
1460338814908440577,117966729,Mon Nov 15 20:07:59 +0000 2021,0,0,Calgary. AB. Canada,364,"We would be hurt by COVID-19Ôºü Or would we be damaged thru info concerned with coronavirus? We look like loosing our confidence, dignity. Don‚Äôt be afraid!",C,positive
1460338433449099271,1692858355,Mon Nov 15 20:06:28 +0000 2021,0,2,"Edmonton, Alberta",732,"@JasonOnTheDrums @enigmamachine I wonder sometimes how life is going for some of those departed under less than clear circumstances. Like LaGrange‚Äôs former flack, who decamped to Austria to learn German. In the middle of covid. Nowhere near the end of govt‚Äôs term. Gosh, these guys really have a short half-life.",P,neutral
1460337622992175105,807865098,Mon Nov 15 20:03:15 +0000 2021,9,27,Saskatoon,7512,"@AlexanderQuon @Jane2McMahon @CBCSask With only 1117 Covid tests per day &amp; test positivity of 9%, a lot of Covid spread is occurring in our communities. Don‚Äôt allow low new case counts to lull you into complacency",C,positive
1460337158997233665,2385612620,Mon Nov 15 20:01:25 +0000 2021,0,1,"Edmonton, AB",517,"S.K. and M.B. This Week  ‚ñ∂Ô∏è Manitoba is implementing a series of measures to combat the rising number of COVID-19 cases ‚ñ∂Ô∏è Premier Scott Moe says he wants Saskatchewan to be a ""nation within a nation""    #skpoli #mbpoli #ywg #yxe #yqr ",P,neutral
1460337041959362562,82440062,Mon Nov 15 20:00:57 +0000 2021,2,4,Calgary,852,"25 Artists 2 Halls Covid protocals in place to keep everyone safe!  Handmade Here Artist Collective Show + Sale Saturday + Sunday November 20 + 21, 10am - 5pm Triwood Community Centre  I hope we see you there.",U,neutral
1460336985504194569,25287690,Mon Nov 15 20:00:43 +0000 2021,1,2,"Maritime Provinces, Canada",165816,Health officials in Prince Edward Island are reporting one new case of COVID-19 today.,C,neutral
1460336934660702208,281756281,Mon Nov 15 20:00:31 +0000 2021,1,3,"Saskatchewan, Canada",45903,"Daily provincial COVID-19 statistics by date and geographic zones including active cases, recoveries and confirmed variants of concern can be found on the dashboard at",C,neutral
1460336902154895371,2165870634,Mon Nov 15 20:00:23 +0000 2021,0,7,Saskatchewan,2322,"Dr. Nazeem Muhajarine (PhD), a professor in the Department of Community Health and Epidemiology, and his research team conducted a study with Saskatchewan adults to learn why they are hesitant or refusing the COVID-19 vaccine.    @usask_OVDR  @SPHERUsask",V,neutral
1460336887399260160,86310563,Mon Nov 15 20:00:20 +0000 2021,0,0,"Calgary, Alberta",1091,This Calgary area hit 99% vaccination among those eligible,V,positive
1460336392957927424,197325847,Mon Nov 15 19:58:22 +0000 2021,0,3,"Calgary, Alberta",70,"@Sparkles9592 @sharib1959 @RachelNotley Lol, gotcha , you never supported businesses even before Covid ‚Ä¶ you just need to chirp. üëçüèº",P,negative
1460335967458369539,345097746,Mon Nov 15 19:56:41 +0000 2021,0,0,"Edmonton, Alberta",1202,Who is the ‚ÄúThey‚Äù? Can you provide the source of who‚Äôs providing this information about COVID-19 being found in animals?,C,neutral
1460335579606913025,339859907,Mon Nov 15 19:55:08 +0000 2021,0,0,"Edmonton, Alberta",298,Which #COVID19 #AntiVaxxer theory are we going on today? #Covid is a #hoax and all those dead are faking it? Or the more honest ‚ÄúI don‚Äôt give a fuck about anyone else but me‚Äù #CovidIsNotOver,V,positive
1460335299997749250,41452242,Mon Nov 15 19:54:01 +0000 2021,0,1,"Martensville, Saskatchewan",643,The COVID pandemic and its effects on mental health #Fusion360 Blog #AutodeskPartner,C,neutral
1460335125749592065,2385612620,Mon Nov 15 19:53:20 +0000 2021,0,1,"Edmonton, AB",517,B.C. This Week  ‚ñ∂Ô∏è Heavy rainfalls are wreaking havoc in parts of the province ‚ñ∂Ô∏è The provincial government has rejected an offer from Nova Scotia to help pay for the COVID-19 vaccination for mink    #yyj #yvr #bcpoli #bcleg,P,neutral
1460334493001154564,2374772652,Mon Nov 15 19:50:49 +0000 2021,0,1,"Edmonton, Alberta",933,"@AllisonCross JFC. We were a couple years of 12K-ish a year... which isn't too bad actually. The wild aspect for us is we shifted our careers/lifestyles around during covid to keep him home, save costs etc. Woulda loved some $10/day during that time... ah well.",U,neutral
1460334131036917763,228477243,Mon Nov 15 19:49:23 +0000 2021,0,11,Edmonton,2858,"48k fans at tomorrow‚Äôs soccer game. I know that it‚Äôs outside so people feel safer but, they are still checking vaccine passports for everyone going into Commonwealth. This means people saying ‚ÄúThe Oilers aren‚Äôt selling out because of the passports‚Äù are largely wrong. 1/ #NHL",A,neutral
1460334126305669126,4156806193,Mon Nov 15 19:49:22 +0000 2021,0,4,"Edmonton, Alberta, Canada",16730,@adore_ashlynn Everyone has covid!!! EVERYONE!!!!,U,neutral
1460333475165184006,197919103,Mon Nov 15 19:46:46 +0000 2021,0,0,Calgary,24,"@PaulMitchell_AB @PaulMitchell_AB - one could also do the corollary - in two years, Tam is greatly associated with getting Covid. Perhaps we should vaccinate our brains and expunge her",U,neutral
1460332571015929869,14803951,Mon Nov 15 19:43:11 +0000 2021,0,1,"Calgary, Alberta",200830,Quebec judge rules province's abandoned health-care vaccine mandate is legal,P,neutral
1460332449506811904,26523823,Mon Nov 15 19:42:42 +0000 2021,0,0,"Calgary, AB - Canada",266,@calgaryherald If you get fired get a lawyer there's NO evidence any of this fascism is necessary  you don't need to be raped by a vaccine - or the gov't,V,negative
1460332292656697344,2547360590,Mon Nov 15 19:42:04 +0000 2021,0,1,"Edmonton, Alberta, Canada",319,"Sigh...so now, Dave's going in on Thursday to pick up his final paycheck. Now he's gonna have to look for work again, only a month later. It wasn't a good company, and 2 employees are not vaccinated, and refuse to be, so why would his boss want a covid test?!  I'm worried. :(",A,negative
1460332007016177665,38268166,Mon Nov 15 19:40:56 +0000 2021,0,3,"Calgary, Alberta",13666,"@Marisa_Ingemi ‚ÄúI mean, Darryl, they‚Äôve got nine(!) healthy roster players. Ten in COVID protocol. That‚Äôs a lot‚Ä¶‚Äù",T,neutral
1460331919665766408,85855850,Mon Nov 15 19:40:35 +0000 2021,1,9,"Calgary, Alberta",26838,"@HollyBlomberg @akheriaty @theoceanlawyers They are literally paid by the vaccine manufacturer  American Heart Association  FInancial support from Pharmaceutical and Biotech Companies, Device Manufacturers and Health Insurance.",A,neutral
1460331896454279168,2547360590,Mon Nov 15 19:40:30 +0000 2021,0,1,"Edmonton, Alberta, Canada",319,"What happened was he missed 4 days last week, but NOT due to having covid, and he got a doctor's note this morning confirming it. But his boss doesn't believe him, and hung up on him! AND he said Dave didn't get a covid test. It's stupid. He doesn't need a covid test.",A,negative
1460331733119750144,3182038748,Mon Nov 15 19:39:51 +0000 2021,1,21,"West Coast, Canada",130,"@DrTomFrieden With Thanksgiving &amp; Christmas coming, sadly it will get worse, much worse!  As long as people follow the right wing media, covid will spread, people will die!",P,negative
1460331539061886979,1347436071143948291,Mon Nov 15 19:39:05 +0000 2021,0,0,"Calgary, AB",24,@vrilfarmer @37Hudson @AHS_media Salk began testing his vaccine in 1954.  In April of 1955 it was accepted for general use.  No long term data there.,V,neutral
1460331399618039808,1407890799077904384,Mon Nov 15 19:38:31 +0000 2021,0,1,"Airdrie, Alberta",124,"If physicians are dismissed as ‚Äòmaking it up,‚Äô imagine what the average individual without medical knowledge and access must deal with after a COVID-19 vaccine injury.‚Äù  #StopTheShot",V,negative
1460331324242161664,1103899222913384453,Mon Nov 15 19:38:14 +0000 2021,0,0,"Edmonton, Alberta, Canada",188,"@CorkyBruce @WikiDocJames @PopAlberta Funny how you call anyone anti-vax who isn‚Äôt delusional on the status of this vaccine. Go keep up with your Dr Google. My 20+ years of lab, clinical and real life experience is yes 100x better than the crap these agencies are putting out.",V,positive
1460330748515389445,85855850,Mon Nov 15 19:35:56 +0000 2021,0,1,"Calgary, Alberta",26838,@inezonahorse @akheriaty Rephrase that correctly  Its terrible than vaccinations cause myocarditis .  Not covid Covid IS a coronavirus - its called bird flu .  Bird flus zoontronic collection of flu viruses that come directly from the Factory farming of chickens   Don't want covid ?  Dont eat animals !,A,neutral
1460330517744668673,39279161,Mon Nov 15 19:35:01 +0000 2021,0,5,"Stony Plain, Alberta",156,@SlintSimon @markones111_ @Pipofpifo @SilverDuke1984 I don't know anyone who died from covid but I do know people  who are injured from the shot and I know vaccinated who have died so I don't know maybe start paying attention outside of msm and comment sections,V,negative
1460330257681162242,1283536401309380608,Mon Nov 15 19:33:59 +0000 2021,0,0,"Saskatoon, Saskatchewan",905,"@TimmayMN @plumenom @NPR Sorry when I saw solid fecal matter...   Depending on water treatment, so much covid coming out in Diarrhea that they can trace it like Hansel &amp; Gretle crumbs to the source.   I think it's quite probable that it could be by passing into streams, Covid can live in water easily.",C,neutral
1460330132648828928,170874461,Mon Nov 15 19:33:29 +0000 2021,0,0,"Edmonton, Alberta",71,If this was important for NHL they probably shouldn‚Äôt have let the Sens play 3 games with a Covid outbreak through the team,T,neutral
1460330018567983105,264402342,Mon Nov 15 19:33:02 +0000 2021,0,1,"Edmonton, Alberta",206,"@darcytwarog Yeah, things have changed here and covid made it way worse. So much entitlement and just straight up rude people who make their own rules. So over the whole Berta thing, it's gross.",P,negative
1460329685544423426,289793124,Mon Nov 15 19:31:43 +0000 2021,0,0,"Edmonton, Alberta",185,"@benheck if every covid cultist stays inside in VR from now on, isn't that a win for the rest of us?",U,neutral
1460329523128512512,85855850,Mon Nov 15 19:31:04 +0000 2021,0,0,"Calgary, Alberta",26838,"@LynnSaternow @akheriaty @LeahAnnWilliams What a ridiculous stupid thing to post   #googlesearch ""why don't vegans get covid"" and despite every main stream media hating on them then all report why. ",A,negative
1460329303699251201,25287690,Mon Nov 15 19:30:12 +0000 2021,1,1,"Maritime Provinces, Canada",165816,Newfoundland and Labrador is reporting two new cases of COVID-19 and one more death caused by the disease.,C,neutral
1460329299609894924,1414651786393100301,Mon Nov 15 19:30:11 +0000 2021,0,1,"Saskatchewan, Canada",71,"@eesquid I've been told my baby ""deserves"" vacx antibodies. Even though I had covid and have those antibodies?",V,neutral
1460329099503628288,24896515,Mon Nov 15 19:29:23 +0000 2021,0,1,#Yeg,840,Is covid gone?  No... the answer is no.,C,neutral
1460329045309243398,14803951,Mon Nov 15 19:29:10 +0000 2021,1,3,"Calgary, Alberta",200830,Why it can be hard to prove a vaccine caused a bad outcome,V,neutral
1460328954997268484,259927927,Mon Nov 15 19:28:49 +0000 2021,0,22,"Edmonton, AB",66,"@KikkiPlanet Here‚Äôs what gets under my skin though‚Ä¶these kinds of questions aren‚Äôt relevant to the press conference at hand. It drives me crazy. At covid pressers where the media are asking oil and gas questions. Maybe it‚Äôs just me, but it really bugs me.",A,neutral
1460328933165977603,74747641,Mon Nov 15 19:28:43 +0000 2021,0,1,Regina,445,@RealAmyD That is a show that my wife watches that I got into by association.  The get into covid at the start (like episodes 1 and 2) but it gets into the normal show pieces afterwards.,U,neutral
1460328506789969925,1625620532,Mon Nov 15 19:27:02 +0000 2021,0,1,"Edmonton, Canada",3756,@dschopflocher There were a surprising number of people that have tried to forge their records. Just waiting for Health Canada to give the green light to use of the vaccine in those 5-11. That should make a difference,V,positive
1460328382978146308,129758267,Mon Nov 15 19:26:32 +0000 2021,0,0,YYC,312,"@treegrounds @Kim47874099 @gccarra @InglewoodYYC ‚ÄúPfizer is profiting so this is clearly this is a plandemic‚Äù  Semantics dude, we have universal healthcare. It‚Äôs safe and easy for anyone to get the vaccine in Canada.  Why don‚Äôt you just cut the bullshit and get to the ‚ÄúGeorgia guide stone, mark of the beast, china virus‚Äù stuff",V,positive
1460328374904102917,467661657,Mon Nov 15 19:26:30 +0000 2021,0,0,Edmonton,860,The Importance of Culture in Societal Responses to COVID-19¬†  #culture #covid #individualism #collectivism,U,neutral
1460328176257679363,860749715134046208,Mon Nov 15 19:25:43 +0000 2021,0,0,"Calgary, Alberta",184,"@fertilista @drdagly We are introducing the mRNA of a spike protein on the outer layer of the virus. This spike protein has changed very little from Alpha to Delta. It looks like novavax subunit vaccine will come late to the game, but holds a key in defeating Delta.",V,positive
1460328098730156032,101193997,Mon Nov 15 19:25:24 +0000 2021,0,0,"Calgary, AB",3098,"Anti-vaxxer, noun  Definition of anti-vaxxer: a person who opposes the use of vaccines OR regulations mandating vaccination;",V,neutral
1460328080212332544,374654206,Mon Nov 15 19:25:20 +0000 2021,0,0,"Calgary, Canada",516,"UCalgary study shows why drug used to treat critically ill COVID-19 patients may only benefit males The more things change, the more they stay the same. #WomensHealth At least there‚Äôs more awareness now.",C,neutral
1460327984624128004,619701169,Mon Nov 15 19:24:57 +0000 2021,0,0,"Calgary, Alberta",265,"AMAZING SPECIALS ALL DAY!  .25 cents/ounceÔøº ALL DRAFT! üçª $10 Baked Lasagna or Baked Spaghetti &amp; meatballs both served  with garlic toastÔøº   (eat in only) Must have valid QR code as of today, no paper vaccination records will be valid. #SupportLocal",U,neutral
1460326326024355842,40824514,Mon Nov 15 19:18:22 +0000 2021,0,1,Calgary,817,It's been like two years and it requires a vaccine passport...do I dare brave the mall food court,V,neutral
1460325909014196236,961134787,Mon Nov 15 19:16:42 +0000 2021,106,268,"Calgary, Alberta",62270,"Trudeau's doctator is soon going to be announcing that there ""booster"" isn't the right word to use. The shots are never-ending - as predicted. Look at NE Calgary for example: 99% vaccinated and literally NOTHING has changed. ",V,neutral
1460325810410188804,6583212,Mon Nov 15 19:16:19 +0000 2021,0,0,"Calgary, Alberta",1204,@AdamSchefter Did COVID break into his house according to his agent,U,neutral
1460325588846059521,17972458,Mon Nov 15 19:15:26 +0000 2021,0,0,"Edmonton, Alberta, Canada",1854,@GordTulk @PaolaQP1231 What's their vaccination rate?,V,neutral
1460325546278076416,634175486,Mon Nov 15 19:15:16 +0000 2021,0,3,Flin Flon,138,"@SunGarrioch @spittinchiclets Get vaccinated people, only you can prevent the spread of Covid!",V,positive
1460324848287113217,217539995,Mon Nov 15 19:12:30 +0000 2021,0,5,"Calgary, Alberta",11216,"@StephenRWade3 And yet, I can't think of any Premier across Canada who didn't lock down their province during Covid.",P,neutral
1460324778888220676,3222442128,Mon Nov 15 19:12:13 +0000 2021,0,2,"Calgary, Alberta",886,What an utterly false choice. We need to stop treating Covid like it‚Äôs the goddamned Black Death. It isn‚Äôt.,C,neutral
1460324601523675140,123977431,Mon Nov 15 19:11:31 +0000 2021,0,2,SF East Bay,2471,"#FightFlu or get a COVID-19 vaccine TODAY, 11/15 in the #HillsideElementary School cafeteria. Flu (3 and up) and COVID-19 vaccines (5 and up) will be available from 3 to 7 p.m.; no appointment necessary. More info here:  #GetVaccinated",V,positive
1460324230843834376,18982486,Mon Nov 15 19:10:02 +0000 2021,0,0,Calgary,84049,A pediatric oncologist is raising the alarm about the increase of severity in childhood cancers she is seeing since the onset of the COVID-19 pandemic.,C,neutral
1460323745604714504,763580178140368896,Mon Nov 15 19:08:07 +0000 2021,0,2,Edmonton,3138,The limits of mandatory vaccination policies are being clarified on an ongoing basis. A recent Ontario decision provides insight to how decision makers may approach the question of the legality and reasonableness of certain mandatory vaccination policies.,P,neutral
1460323662486282249,721190828,Mon Nov 15 19:07:47 +0000 2021,13,41,Calgary,20712,Today UCP MLAs will have a chance to declare whether they stand behind @jkenney and his catastrophic handling of the COVID-19 pandemic.  We are going to ask the Legislature to censure the Premier. Watch this space. #ableg,P,negative
1460323573512474627,1184882383,Mon Nov 15 19:07:26 +0000 2021,0,4,"Regina SK, Canada",1391,@TheCounterSgnl Well they clearly can‚Äôt blame the unvaccinated anymore for the vaxed getting Covid - who will they blame next?,V,negative
1460323505707397127,1037449313239138304,Mon Nov 15 19:07:09 +0000 2021,0,1,Devon,162,"I'm looking forward to January '22, when the UK imposes a new lockdown.  #Covid_19 #ToryCovidDisaster",P,neutral
1460323249967886336,2547360590,Mon Nov 15 19:06:08 +0000 2021,0,0,"Edmonton, Alberta, Canada",319,"My spouse is now ''in between jobs'' after a phone dispute with his boss, who doesn't believe he was off work most of last week for reasons NOT to do with contracting covid, and he has a doctor's note to prove it, but wasn't enough for him. Picking up his final check on Thurs. :(",A,negative
1460323242392969219,91619209,Mon Nov 15 19:06:07 +0000 2021,1,0,Edmonton,185,"#COVIDZero in China: ""the local government of Xinzhou district, where the complex is located, confirmed the dog was killed as part of the need to 'thoroughly disinfect' homes in the community."" ",U,neutral
1460323126533779456,1062754443798532096,Mon Nov 15 19:05:39 +0000 2021,107,199,"Edmonton, Alberta",8574,"AHS &amp; @JasonCoppingAB should be preparing Albertans for the bad news:  ""fully vaccinated"" = 3 shots   the 1st of many booster shots will soon be mandatory  if you've had a bad reaction to shot 1 or 2, no doctor will care  if you're vaccine injured, no doctor will help you  #ableg ",V,negative
1460322992894918661,382737099,Mon Nov 15 19:05:07 +0000 2021,0,1,"Regina, SK",13067,New study shows 11% of Sask. residents refusing COVID-19 vaccine,V,neutral
1460322646470664193,2765580615,Mon Nov 15 19:03:45 +0000 2021,0,2,East Anglia,1069,"@White_Hole_Sun @LowlandDetector I think if the rates of vaccination of kids in Scotland is anything to go by, I dread to think the adult rates üò¢",V,positive
1460322644436430855,4854620764,Mon Nov 15 19:03:44 +0000 2021,0,0,"Edmonton, Alberta",47,@AirCanada tell me how masks are mandatory but you have an employee in the SEA-TAC airport running round without one on‚Ä¶? #pandemic #aircanada #COVID,C,neutral
1460322181846487042,1129831952268316672,Mon Nov 15 19:01:54 +0000 2021,0,0,"Medicine Hat, Alberta",290,"@TheHockeyNews With news coming of potential postponements in Ottawa, will there be changes to the NHL's COVID protocols and how many more outbreaks need to arise for the NHL not to participate in the Olympics.",T,neutral
1460321736939945990,138101587,Mon Nov 15 19:00:08 +0000 2021,1,4,"Regina, SK",50932,A new study from researchers at the University of Saskatchewan is providing more insight into factors associated with COVID-19 vaccine hesitancy and refusal among Saskatchewan residents.,V,neutral
1460321646506651654,1594102442,Mon Nov 15 18:59:46 +0000 2021,0,3,Devon,44,@martin_john78 @JeremyVineOn5 @theJeremyVine @OwenJones84 @beverleyturner 30 years ago wasn‚Äôt that when some mothers thought there was a link between MMR vaccine and autism.,A,neutral
1460321137410207744,3176791297,Mon Nov 15 18:57:45 +0000 2021,0,1,"Calgary, Alberta",330,@AHS_media what equity is being questioned?  How does waste of vaccines promote equity within Alberta or around the world?  Any vaccine in an arm promotes the protection of the community even if it's not the arm you wanted first.,V,positive
1460321126081445896,278831995,Mon Nov 15 18:57:42 +0000 2021,0,2,"Edmonton, AB",8114,@BMak83 @CodexRex The constant insinuation that half the UCP wants FEWER Covid measures is terrifying,P,negative
1460320769666215936,524956150,Mon Nov 15 18:56:17 +0000 2021,0,1,Saskatchewan,361,Not looking good with covid on the rise. The NFL stands are full with thousands of fans,U,neutral
1460320445224271879,110527056,Mon Nov 15 18:55:00 +0000 2021,2,0,"Calgary, Alberta, Canada",2682,"#ICYMI today we looked at how criminal organizations took advantage of CERB, we talked #DiabetesAwarenessMonth w/@georgecanyon, next it's #MotivationalMonday, and finally we talk to a local business creating a lot of...buzz üêù",U,neutral
1460320059675459587,3014069294,Mon Nov 15 18:53:28 +0000 2021,4,8,"Edmonton, Alberta",5065,"AHS documents reveal that while students and staff were returning to classrooms, the UCP fired over 1400 contact tracers in preparation for their ""Best Summer Ever"". @shoffmanAB is calling for the implementation of a robust contact tracing system. #ableg ",U,neutral
1460319932986519554,1454077133861502979,Mon Nov 15 18:52:58 +0000 2021,0,1,"St. Albert, Alberta",1,@gardenmaven2 @WeAreCanProud He is compared to anyone in the Liberal party. Remember Freeland saying that COVID has presented a political opportunity? Well here it is. Spend spend spend and people will blame it all on Covid. At least unintelligent people will. Like you.,P,negative
1460319362171039749,1022141310482800641,Mon Nov 15 18:50:42 +0000 2021,0,0,"Edmonton, Alberta, Canada",391,40% of deer blood samples collected from US have SARS-CoV-2 antibodies. This finding is important due to the potential establishment of a reservoir in a wildlife population that carries SARS-CoV-2 and could then reinfect humans.,C,neutral
1460319349491724289,1454077133861502979,Mon Nov 15 18:50:38 +0000 2021,0,0,"St. Albert, Alberta",1,@teddydawson81 @WeAreCanProud Yes leave our citizens for dead as though Covid is the Black Plague. Temporary inflation eh. Hahaha ok.,P,negative
1460319101578985472,46169481,Mon Nov 15 18:49:39 +0000 2021,0,3,"Calgary, Alberta",79,"@CandiceMalcolm @TrueNorthCentre It's the rise of Marxist followers in influential positions exercising ideals like ""Cancel Culture"", ""Socialism"", soft ""Totalitarianism""/""Tyrannical"" Vaccine Mandates etc. Plus Yellow Journalists in the Mainstream Media.",P,negative
1460318796086923264,65110561,Mon Nov 15 18:48:27 +0000 2021,0,0,"Swift Current, SK",3119,Vaccination Clinic in Shaunavon -,U,neutral
1460318758157922305,14133375,Mon Nov 15 18:48:18 +0000 2021,0,4,"Saskatoon, SK, Canada",323,"@volpiranyas @AndrewLazarus4 @lotusctr @crabb_vicki @Alan777774 @AndOrNorLyn @Tony__Heller @LiamKav @VolatileAmine @mcfunny @TakethatCt @MdRisette @BatRock8 @Top_Muppetries @SendAliensToMe @AlvaroIM77 @estockbridge @Suesue2point0 @questauthority @provaxtexan @RobHeatherly1 @AGoldsmithEsq @docstardust @doritmi @Kolyin @Kathmarval @chickaboy @FrankDElia7 @foofdawg @OAPym @smyl2day @quigley_jesse @ConsequentialBr @_mamadeb @deNutrients @DCGreenZone1 @CharaStone6 @SkepticalMutant @AcademicShards @TonyBaduy @carlsmythe @policing_uk @dnh214 @BichonAtLaw @MarkReady47 @tenebra99 @kevin_kehres @MilanovNina @villagerssn @cooljamm55 No, the UK treats ""partially"" vaxxed separately, they aren't just thrown in with the unvaxxed. (See Table 3 + 6) You don't need sizes, because at 66% vaccine coverage obviously the cohort sizes are comparable &amp; large enough to be statistically relevant.  ",V,neutral
1460318317542092800,1078411675496271872,Mon Nov 15 18:46:32 +0000 2021,0,1,Devon,1050,@gullssinceaboy @BarristerNF He was visiting a vaccination hub.,A,neutral
1460318020052656134,273007428,Mon Nov 15 18:45:22 +0000 2021,0,0,"Peterborough,Ont,Canada",269,"While the media and government continue to minpulate Covid numbers to fit there story line of scarring the public into sheep,,think for your self ,,vaxxed unvaxxed and people who decide to not give medical status we‚Äôre all human so stop being a bitch",P,negative
1460317718238744582,2151695496,Mon Nov 15 18:44:10 +0000 2021,0,1,"Brandon, Manitoba",69,@rick_pittman Right now accidental deaths are higher than covid.  We need to put more effort into stopping those than covid apparently.,C,negative
1460317700689838080,212286408,Mon Nov 15 18:44:05 +0000 2021,1,8,"Edmonton, Alberta",5689,The Fall class of '21 will be among the first cohort to graduate from SPH having completed most of their program in the COVID-19 pandemic. From November 15- 19th watch for daily posts as we celebrate this incredible group and all that they have achieved #UAlberta21,A,positive
1460317684655132677,158101357,Mon Nov 15 18:44:02 +0000 2021,0,0,"Neepawa, Manitoba",729,"Updated COVID-19 numbers: Neepawa Health Centre currently has 24 total cases (9 staff, 15 non-staff, 0 recovered). Third Crossing Manor in Gladstone has 61 total cases (29 staff, 32 non-staff, 10 recovered). No indication of how many vaxxed or non-vaxxed.",C,neutral
1460317622344552448,1078411675496271872,Mon Nov 15 18:43:47 +0000 2021,0,5,Devon,1050,"I don't take kindly to Boris Johnson lecturing me on the importance of vaccination, or making veiled threats about possible future restrictions if we don't comply. Since when is the PM a role model for public health messaging?",P,negative
1460317452647161864,174473050,Mon Nov 15 18:43:06 +0000 2021,1,1,"Edmonton, Alberta",20093,"What do you make of leadership reviews for Kenney and O'Toole?   Kenney says he won't comment on feds, but says Alberta has had a divisive debate over how to handle COVID.   Can understand why many folks are frustrated by health measures they've had to introduce.",P,neutral
1460317359932014595,172407835,Mon Nov 15 18:42:44 +0000 2021,56,521,Edmonton,38733,"Thank you @JustinTrudeau, for joining @R_Boissonnault and I at the Edmonton West Vaccine Clinic today. Healthcare workers have been on the frontlines for over 22 months, and their dedication to reducing the impact of COVID-19 is extraordinary. Thank you all, we are so grateful.",P,positive
1460316866228883458,1292215142,Mon Nov 15 18:40:46 +0000 2021,0,4,"Edmonton, Alberta",9005,"@DrZee1001 @abigail_dilullo I got my third shot Friday.  Apparently the AstraZeneca shot was a pretend shot, so 2 Pfizer shots.  This shit in Alberta is for the same 30% that rules the red states and apparently our provinces.",V,negative
1460316297732902912,1201289687169548288,Mon Nov 15 18:38:31 +0000 2021,3,2,"Edmonton, Alberta",28,"Pfizer's new drug Paxlovid reduces risk of hospitalization by 89% in patients treated within 3 days of symptoms. A nice side effect of this is that it will incentivize people to get tested, so they can access the drug.",C,positive
1460315863706312711,3314464964,Mon Nov 15 18:36:47 +0000 2021,0,3,"Edmonton, Alberta",431,"@marcorock101 @SportsTalkManQC @Habs_Fan_NJ i m done arguing for that , i m still dealing with my issues and the doctors are not certain it s the vaccine that cause my heart malfunction and they are still not certain what i have , do what you think is good for you and personally i respect everybody ‚Äòs choices on the vax",V,neutral
1460315643631177729,1370166675723546625,Mon Nov 15 18:35:55 +0000 2021,0,1,"Calgary, Alberta",56,Excellent explanation of why vaccination is still important even after COVID infection,V,positive
1460315300080009217,134198093,Mon Nov 15 18:34:33 +0000 2021,1,4,"Saskatchewan, Canada",28886,Nov 15 vaccine clinics in: #BigRiver #Canora #Carnduff #CarrotRiver #Grenfell #IlelaaCrosse #LaRonge #Lanigan #MeadowLake #MooseJaw #Moosomin #Outlook #Pinehouse #Regina #Saskatoon #SwiftCurrent #Wakaw #Yorkton,V,neutral
1460315297362190339,134198093,Mon Nov 15 18:34:32 +0000 2021,6,10,"Saskatchewan, Canada",28886,Need your COVID-19 vaccine and/or annual flu shot?  üö∂‚Äç Find a walk-in clinic:  ‚òéÔ∏è Book an appointment:,V,neutral
1460315017635528710,2934346219,Mon Nov 15 18:33:26 +0000 2021,0,1,"Calgary, Alberta",762,The Government and Media are the biggest causes of Covid.,P,negative
1460314212807237635,2774492370,Mon Nov 15 18:30:14 +0000 2021,0,0,"Brandon, MB",451,Covid-19 update for PMH :   - Duck Mountain: 14 act. cases -- ‚¨Ü 1 new - Porcupine Mountain: 11 act. cases -- ‚¨Ü 1 new - Riding Mountain: 1 act. cases  - Agassiz Mountain: 11 act. cases -- ‚¨Ü 1 new - Swan River: 4 act. cases  - Asessippi: 10 act. cases -- ‚¨Ü 2 new - Little,C,neutral
1460314072054784001,516215624,Mon Nov 15 18:29:40 +0000 2021,0,1,"Trochu, Alberta, Canada",55,"BIG NEWS...Norway reclassified COVID-19: No more dangerous than the ordinary flu...That jab is nothing but a sophisticated bio-weapon... Ontario reports 552 new COVID-19 cases today, 3 more deaths   via @cp24",C,neutral
1460313418947338240,295919482,Mon Nov 15 18:27:05 +0000 2021,0,3,,270,@PremierScottMoe Saskatchewan is also the home of 894 families mourning loved ones lost to Covid‚Ä¶. Many which could have been saved by listening to science and doctor recommendations. #covid19sk #skpoli,A,neutral
1460313217692049414,24215794,Mon Nov 15 18:26:17 +0000 2021,9,86,Edmonton,16237,"Frontline workers in Alberta continue to step up for our community. They are everyday heroes. It was a pleasure to meet the dedicated team of staff at the Edmonton West Vaccine Clinic. And if you haven‚Äôt done so, please go get vaccinated.",V,positive
1460313140885819394,286271958,Mon Nov 15 18:25:58 +0000 2021,0,8,"Calgary, Alberta, Canada",291,@LeylaDAsadi I have whiplash from being told that the real problem was vaccine procurement. It‚Äôs like the UCP are bound and determined to complain for things they can‚Äôt have and hold out for strategies that don‚Äôt work rather than fight #COVID19AB with all the tools available to them.,P,negative
1460312762534416385,91256611,Mon Nov 15 18:24:28 +0000 2021,0,0,Calgary,70,@mtgreenee @Twitter @TwitterSupport @TwitterSafety spreading misinformation about Covid,A,negative